郡国,治所,经度,纬度,今址,建安五年归属,建安二十四年归属,景元四年归属,备注
河南尹,洛阳,112.45,34.62,今河南洛阳市,曹操,曹操,魏,
河内郡,怀县,113.05,35.1,今河南武陟县西南,曹操,曹操,魏,
河东郡,安邑,111.0,35.15,今山西夏县西北,曹操,曹操,魏,
弘农郡,弘农,110.9,34.52,今河南灵宝市北,曹操,曹操,魏,
京兆尹,长安,108.94,34.34,今陕西西安市,马腾·韩遂,曹操,魏,
左冯翊,高陵,109.09,34.53,今陕西西安市高陵区,马腾·韩遂,曹操,魏,
右扶风,槐里,108.49,34.3,今陕西兴平市东南,马腾·韩遂,曹操,魏,
颍川郡,阳翟,113.48,34.16,今河南禹州市,曹操,曹操,魏,
汝南郡,平舆,114.62,32.96,今河南平舆县北,曹操,曹操,魏,
沛国,相县,116.8,33.97,今安徽淮北市（谯县今亳州）,曹操,曹操,魏,
梁国,睢阳,115.65,34.44,今河南商丘市,曹操,曹操,魏,
陈郡,陈县,114.9,33.73,今河南周口市淮阳区,曹操,曹操,魏,
鲁国,鲁县,116.99,35.6,今山东曲阜市,曹操,曹操,魏,
陈留郡,陈留,114.4,34.75,今河南开封市祥符区陈留镇,曹操,曹操,魏,
东郡,濮阳,115.0,35.76,今河南濮阳市,曹操,曹操,魏,
东平国,无盐,116.3,35.94,今山东东平县,曹操,曹操,魏,
任城国,任城,116.6,35.41,今山东济宁市,曹操,曹操,魏,
泰山郡,奉高,117.1,36.2,今山东泰安市,曹操,曹操,魏,
济北国,卢县,116.6,36.36,今山东济南市长清区,曹操,曹操,魏,
山阳郡,昌邑,116.1,35.4,今山东巨野县南,曹操,曹操,魏,
济阴郡,定陶,115.57,35.07,今山东菏泽市定陶区,曹操,曹操,魏,
东海郡,郯县,118.35,34.61,今山东郯城县,曹操,曹操,魏,
琅邪国,开阳,118.35,35.05,今山东临沂市,曹操,曹操,魏,
彭城国,彭城,117.28,34.26,今江苏徐州市,曹操,曹操,魏,
广陵郡,广陵,119.42,32.39,今江苏扬州市,曹操,曹操,魏,
下邳国,下邳,117.96,34.3,今江苏睢宁县古邳镇,曹操,曹操,魏,
济南国,东平陵,117.35,36.68,今山东济南市章丘区,袁绍,曹操,魏,
平原郡,平原,116.43,37.17,今山东平原县西南,袁绍,曹操,魏,
乐安国,临济,118.15,37.1,今山东高青、博兴一带,袁绍,曹操,魏,
北海国,剧县,118.83,36.71,今山东昌乐县西,袁绍,曹操,魏,
东莱郡,黄县,120.48,37.65,今山东龙口市,袁绍,曹操,魏,
齐郡,临淄,118.3,36.83,今山东淄博市临淄区,袁绍,曹操,魏,
魏郡,邺县,114.47,36.1,今河北临漳县西南（邺城遗址）,袁绍,曹操,魏,
钜鹿郡,瘿陶,114.95,37.4,今河北宁晋县西南一带,袁绍,曹操,魏,
常山国,真定,114.57,38.14,今河北正定县,袁绍,曹操,魏,
中山国,卢奴,114.98,38.52,今河北定州市,袁绍,曹操,魏,
安平国,信都,115.67,37.73,今河北衡水市冀州区,袁绍,曹操,魏,
河间国,乐成,116.1,38.2,今河北献县东南,袁绍,曹操,魏,
清河国,甘陵,115.9,36.9,今河北清河、山东临清一带,袁绍,曹操,魏,
赵国,邯郸,114.54,36.63,今河北邯郸市,袁绍,曹操,魏,
渤海郡,南皮,116.7,38.03,今河北南皮县,袁绍,曹操,魏,
太原郡,晋阳,112.55,37.87,今山西太原市西南,袁绍,曹操,魏,
上党郡,壶关,113.2,36.2,今山西长治市壶关县,袁绍,曹操,魏,
西河郡,离石,111.15,37.52,今山西吕梁市离石区,袁绍,曹操,魏,
五原郡,九原,109.85,40.66,今内蒙古包头市,袁绍,曹操,魏,
云中郡,云中,111.2,40.3,今内蒙古托克托县,袁绍,曹操,魏,
定襄郡,善无,112.5,39.9,今山西右玉县,袁绍,曹操,魏,
雁门郡,阴馆,112.45,39.3,今山西朔州市,袁绍,曹操,魏,
上郡,肤施,109.7,38.2,今陕西榆林市一带,袁绍,曹操,魏,
涿郡,涿县,115.97,39.49,今河北涿州市,袁绍,曹操,魏,
广阳郡,蓟县,116.41,39.9,今北京市,袁绍,曹操,魏,
代郡,高柳,113.75,40.18,今山西阳高县西北,袁绍,曹操,魏,东汉旧置（原漏收）
上谷郡,沮阳,115.5,40.4,今河北怀来县东南,袁绍,曹操,魏,
渔阳郡,渔阳,117.0,40.1,今北京市密云区,袁绍,曹操,魏,
右北平郡,土垠,118.0,39.8,今河北唐山丰润一带,袁绍,曹操,魏,
辽西郡,阳乐,121.5,41.5,今辽宁义县,袁绍,曹操,魏,
辽东郡,襄平,123.2,41.27,今辽宁辽阳市,公孙度,曹操,魏,
玄菟郡,高句骊,123.95,41.75,今辽宁沈阳、抚顺一带,公孙度,曹操,魏,
乐浪郡,朝鲜,125.75,39.02,今朝鲜平壤市,公孙度,曹操,魏,
带方郡,带方,125.4,38.0,今朝鲜黄海道凤山一带,公孙度,曹操,魏,
陇西郡,狄道,103.86,35.38,今甘肃临洮县,马腾·韩遂,曹操,魏,
汉阳郡,冀县,105.0,34.75,今甘肃甘谷县东南,马腾·韩遂,曹操,魏,
武都郡,下辨,105.6,33.75,今甘肃成县,张鲁,曹操,蜀,
金城郡,允吾,103.3,36.2,今甘肃永靖、青海民和一带,韩遂,曹操,魏,
安定郡,临泾,107.2,35.5,今甘肃镇原县东南,马腾·韩遂,曹操,魏,
北地郡,富平,106.3,37.9,今宁夏吴忠、陕西富平一带,马腾·韩遂,曹操,魏,
武威郡,姑臧,102.64,37.93,今甘肃武威市,马腾·韩遂,曹操,魏,
张掖郡,觻得,100.45,38.93,今甘肃张掖市,马腾·韩遂,曹操,魏,
酒泉郡,禄福,98.51,39.74,今甘肃酒泉市,马腾·韩遂,曹操,魏,
敦煌郡,敦煌,94.66,40.14,今甘肃敦煌市,马腾·韩遂,曹操,魏,
蜀郡,成都,104.07,30.67,今四川成都市,刘璋,刘备,蜀,
广汉郡,雒县,104.28,30.98,今四川广汉市,刘璋,刘备,蜀,
犍为郡,武阳,103.87,30.19,今四川眉山市彭山区,刘璋,刘备,蜀,
江阳郡,江阳,105.44,28.87,今四川泸州市,刘璋,刘备,蜀,
汶山郡,绵虒,103.6,31.7,今四川茂县,刘璋,刘备,蜀,
越巂郡,邛都,102.26,27.9,今四川西昌市,刘璋,刘备,蜀,
牂柯郡,故且兰,107.8,26.9,今贵州黄平、凯里一带,刘璋,刘备,蜀,
益州郡,滇池,102.74,24.98,今云南昆明市晋宁区,刘璋,刘备,蜀,
永昌郡,不韦,99.17,25.12,今云南保山市,刘璋,刘备,蜀,
汉中郡,南郑,107.03,33.07,今陕西汉中市,张鲁,刘备,蜀,
巴郡,江州,106.55,29.56,今重庆市,刘璋,刘备,蜀,
巴西郡,阆中,105.97,31.58,今四川阆中市,刘璋,刘备,蜀,
巴东郡,鱼复,109.47,31.02,今重庆市奉节县,刘璋,刘备,蜀,
涪陵郡,涪陵,107.4,29.7,今重庆市涪陵区,刘璋,刘备,蜀,
梓潼郡,梓潼,105.16,31.64,今四川梓潼县,刘璋,刘备,蜀,
阴平郡,阴平,104.68,32.95,今甘肃文县,刘璋,曹操,蜀,
南阳郡,宛县,112.53,33.0,今河南南阳市,张绣（附曹）,曹操,魏,
南郡,江陵,112.24,30.33,今湖北荆州市,刘表,刘备,吴,
江夏郡,西陵,114.8,30.85,今湖北武汉市新洲区,刘表,孙权,吴,
零陵郡,零陵,111.61,26.22,今湖南永州市,刘表,刘备,吴,
桂阳郡,郴县,113.02,25.78,今湖南郴州市,刘表,孙权,吴,
武陵郡,临沅,111.7,29.05,今湖南常德市,刘表,刘备,吴,
长沙郡,临湘,112.94,28.23,今湖南长沙市,刘表,孙权,吴,
宜都郡,夷道,111.45,30.39,今湖北宜都市,刘表,孙权,吴,刘备置，吴因之
建平郡,巫县,109.88,31.08,今重庆市巫山县,刘表,孙权,吴,吴永安三年分宜都置
九江郡,寿春,116.78,32.58,今安徽寿县,袁术,曹操,魏,
丹阳郡,宛陵,118.75,31.06,今安徽宣城市,孙策,孙权,吴,
庐江郡,舒县,117.2,31.3,今安徽庐江、舒城一带,孙策,曹操,魏,
会稽郡,山阴,120.58,30.01,今浙江绍兴市,孙策,孙权,吴,
吴郡,吴县,120.58,31.3,今江苏苏州市,孙策,孙权,吴,
豫章郡,南昌,115.86,28.68,今江西南昌市,孙策,孙权,吴,
庐陵郡,庐陵,114.98,27.12,今江西吉安市,孙策,孙权,吴,
新都郡,始新,119.0,29.6,今浙江淳安县,孙策,孙权,吴,
鄱阳郡,鄱阳县,116.67,29.0,今江西鄱阳县,孙策,孙权,吴,
东阳郡,长山,119.65,29.08,今浙江金华市,孙策,孙权,吴,
建安郡,建安,118.32,27.03,今福建建瓯市,孙策,孙权,吴,
临海郡,章安,121.43,28.67,今浙江台州市椒江区,孙策,孙权,吴,
南海郡,番禺,113.26,23.13,今广东广州市,士燮,孙权,吴,
苍梧郡,广信,111.28,23.48,今广西梧州市,士燮,孙权,吴,
郁林郡,布山,109.6,23.1,今广西贵港市,士燮,孙权,吴,
合浦郡,合浦,109.2,21.8,今广西合浦县,士燮,孙权,吴,
交趾郡,龙编,105.85,21.03,今越南河内市,士燮,孙权,吴,
九真郡,胥浦,105.8,19.8,今越南清化市,士燮,孙权,吴,
日南郡,西卷,107.0,16.8,今越南广治省一带,士燮,孙权,吴,
代郡,高柳,113.75,40.18,今山西阳高县西北,袁绍,曹操,魏,东汉旧置（原漏收）
朔方郡,临戎,106.7,40.3,今内蒙古磴口县西北,无主（内徙）,曹操,魏,东汉末已荒废，郡民内徙
西海郡,居延,100.9,42.2,今内蒙古额济纳旗东南,,曹操,魏,东汉末置（分张掖居延属国），三国属凉州
城阳郡,东武,119.4,35.9,今山东诸城市,曹操,曹操,魏,东汉城阳国；三国魏省入东莞（约）
章陵郡,章陵,112.7,32.1,今湖北枣阳市南,刘表,曹操,魏,东汉末刘表置；魏省入南阳（约）
平阳郡,平阳,111.5,36.08,今山西临汾市西南,,曹操,魏,魏分河东置
上洛郡,上洛,109.94,33.87,今陕西商洛市,,曹操,魏,魏分京兆置
新平郡,漆县,108.08,35.04,今陕西彬州市,,曹操,魏,魏置
谯郡,谯县,115.78,33.87,今安徽亳州市,曹操,曹操,魏,魏分沛国置
弋阳郡,弋阳,114.9,32.2,今河南潢川县西,,曹操,魏,魏分汝南置
阳安郡,阳安,113.98,32.9,今河南确山县东北,,曹操,魏,魏分汝南置（置年约）
安丰郡,安风,115.9,32.2,今安徽霍邱县西南,,曹操,魏,魏分庐江置（置年约），属扬州
东莞郡,东莞,118.65,35.9,今山东沂水县,,曹操,魏,魏分琅邪置
广平郡,广平,114.7,36.6,今河北鸡泽县东南,,曹操,魏,魏分钜鹿置
阳平郡,馆陶,115.6,36.6,今河北馆陶县,,曹操,魏,魏分魏郡置
新兴郡,九原,112.7,38.4,今山西忻州市,,曹操,魏,魏置（并州北部）
乐平郡,沾县,113.68,37.62,今山西昔阳县西南,,曹操,魏,魏置
范阳郡,涿县,115.97,39.49,今河北涿州市,袁绍,曹操,魏,魏改涿郡置
燕国,蓟县,116.41,39.9,今北京市,袁绍,曹操,魏,魏改广阳置
北平郡,徐无,117.9,40.0,今河北遵化市东,,曹操,魏,魏改右北平置（约）
南安郡,豲道,104.6,34.9,今甘肃陇西县东南,,曹操,魏,魏置
广魏郡,临渭,105.9,34.9,今甘肃天水市东,,曹操,魏,魏置
西平郡,西都,101.77,36.62,今青海西宁市,,曹操,魏,魏分金城置（约）
昌黎郡,昌黎,122.1,41.5,今辽宁义县,,曹操,魏,魏分辽东置（约），东北边郡
襄阳郡,襄阳,112.14,32.04,今湖北襄阳市,刘表,曹操,魏,东汉末分南郡置（魏因之）
南乡郡,南乡,111.0,33.1,今河南淅川县西南,,曹操,魏,魏分南阳置（约）
魏兴郡,西城,109.02,32.81,今陕西安康市,,曹操,魏,魏置（改汉中东部）
上庸郡,上庸,110.23,32.48,今湖北竹山县,张鲁,曹操,魏,魏置
新城郡,房陵,110.73,32.06,今湖北房县,,曹操,魏,魏改房陵置
义阳郡,安昌,113.9,32.2,今湖北枣阳市东南,,曹操,魏,魏置（置年约，一说晋初）
淮南郡,寿春,116.78,32.58,今安徽寿县,袁术,曹操,魏,魏改九江郡置
乐陵郡,厌次,117.6,37.6,今山东阳信县东,,曹操,魏,魏置
西域长史府,海头（楼兰）,90.1,40.6,今新疆若羌县东北楼兰故址,,,魏,曹魏设西域长史府，治海头，辖西域诸国（遥领）
戊己校尉,高昌,89.5,42.9,今新疆吐鲁番高昌故城,,,魏,曹魏置戊己校尉屯田高昌
东广汉郡,郪县,105.0,31.1,今四川三台县,,刘备,蜀,蜀分广汉置
汉嘉郡,汉嘉,103.0,29.9,今四川雅安市北,,刘备,蜀,蜀置
云南郡,云南,100.6,25.5,今云南祥云县东南,,刘备,蜀,蜀分永昌置
兴古郡,宛温,104.5,23.9,约当今云南砚山县北,,刘备,蜀,蜀置（治所约当）
朱提郡,朱提,103.7,27.3,今云南昭通市,,刘备,蜀,蜀分犍为置
建宁郡,味县,103.8,25.5,今云南曲靖市,,刘备,蜀,蜀改益州郡置，治后徙味县
吴兴郡,乌程,120.1,30.9,今浙江湖州市,,孙权,吴,吴分丹阳、吴郡置
临川郡,临汝,116.35,27.95,今江西抚州市,,孙权,吴,吴分豫章置
安成郡,平都,114.62,27.4,今江西安福县东南,,孙权,吴,吴分豫章、庐陵置
衡阳郡,湘南,112.7,27.5,约当今湖南湘潭县西南,,孙权,吴,吴分长沙置（治所约当）
湘东郡,酃县,113.3,26.9,今湖南衡阳市东,,孙权,吴,吴分长沙置
昭陵郡,昭陵,111.5,27.2,今湖南邵阳市,,孙权,吴,吴分零陵置
始安郡,始安,110.3,25.28,今广西桂林市,,孙权,吴,吴分零陵、苍梧置
始兴郡,曲江,113.6,24.8,今广东韶关市南,,孙权,吴,吴分桂阳置
临贺郡,临贺,111.55,24.42,今广西贺州市,,孙权,吴,吴分苍梧置（约）
建平郡,巫县,109.88,31.08,今重庆巫山县,,孙权,吴,吴永安三年分宜都置
宜都郡,夷道,111.45,30.39,今湖北宜都市,,孙权,吴,刘备置，吴因之
高凉郡,安宁,111.0,21.8,今广东阳江市西,,孙权,吴,吴分合浦置
高兴郡,广化,110.3,21.5,今址存疑,,孙权,吴,吴分高凉置，后省
桂林郡,武安,109.2,23.9,今址存疑,,孙权,吴,吴分郁林置（治所约当）
宁浦郡,宁浦,108.8,22.6,今广西横州市南,,孙权,吴,吴分合浦置（一说晋初置）
蕲春郡,蕲春,115.4,30.3,今湖北蕲春县西南,,曹操,魏,魏置，后入吴
毗陵典农校尉,毗陵,119.95,31.75,今江苏常州市,,孙权,吴,吴特殊政区（分吴郡，不称郡
朱崖郡,徐闻,110.17,20.33,今广东徐闻县,,孙权,吴,吴复置珠崖（约），旋废
