州,郡国,县名
司隶,河南尹,洛阳
司隶,河南尹,河南
司隶,河南尹,梁
司隶,河南尹,荥阳
司隶,河南尹,卷
司隶,河南尹,原武
司隶,河南尹,阳武
司隶,河南尹,中牟
司隶,河南尹,开封
司隶,河南尹,菀陵
司隶,河南尹,平阴
司隶,河南尹,谷城
司隶,河南尹,缑氏
司隶,河南尹,巩
司隶,河南尹,成皋
司隶,河南尹,京
司隶,河南尹,密
司隶,河南尹,新城
司隶,河南尹,偃师
司隶,河南尹,新郑
司隶,河南尹,平
司隶,河内郡,怀
司隶,河内郡,河阳
司隶,河内郡,轵
司隶,河内郡,波
司隶,河内郡,沁水
司隶,河内郡,野王
司隶,河内郡,温
司隶,河内郡,州
司隶,河内郡,平皋
司隶,河内郡,山阳
司隶,河内郡,武德
司隶,河内郡,获嘉
司隶,河内郡,修武
司隶,河内郡,共
司隶,河内郡,汲
司隶,河内郡,朝歌
司隶,河内郡,荡阴
司隶,河内郡,林虑
司隶,河东郡,安邑
司隶,河东郡,杨
司隶,河东郡,平阳
司隶,河东郡,临汾
司隶,河东郡,汾阴
司隶,河东郡,蒲坂
司隶,河东郡,大阳
司隶,河东郡,解
司隶,河东郡,皮氏
司隶,河东郡,闻喜
司隶,河东郡,绛
司隶,河东郡,永安
司隶,河东郡,河北
司隶,河东郡,猗氏
司隶,河东郡,垣
司隶,河东郡,襄陵
司隶,河东郡,北屈
司隶,河东郡,蒲子
司隶,河东郡,濩泽
司隶,河东郡,端氏
司隶,弘农郡,弘农
司隶,弘农郡,陕
司隶,弘农郡,黾池
司隶,弘农郡,新安
司隶,弘农郡,宜阳
司隶,弘农郡,陆浑
司隶,弘农郡,卢氏
司隶,弘农郡,湖
司隶,弘农郡,华阴
司隶,京兆尹,长安
司隶,京兆尹,霸陵
司隶,京兆尹,杜陵
司隶,京兆尹,郑
司隶,京兆尹,新丰
司隶,京兆尹,蓝田
司隶,京兆尹,长陵
司隶,京兆尹,商
司隶,京兆尹,上洛
司隶,京兆尹,阳陵
司隶,左冯翊,高陵
司隶,左冯翊,池阳
司隶,左冯翊,云阳
司隶,左冯翊,祋祤
司隶,左冯翊,频阳
司隶,左冯翊,万年
司隶,左冯翊,莲勺
司隶,左冯翊,重泉
司隶,左冯翊,临晋
司隶,左冯翊,郃阳
司隶,左冯翊,夏阳
司隶,左冯翊,衙
司隶,左冯翊,粟邑
司隶,右扶风,槐里
司隶,右扶风,安陵
司隶,右扶风,平陵
司隶,右扶风,茂陵
司隶,右扶风,鄠
司隶,右扶风,郿
司隶,右扶风,武功
司隶,右扶风,陈仓
司隶,右扶风,汧
司隶,右扶风,渝麋
司隶,右扶风,雍
司隶,右扶风,栒邑
司隶,右扶风,美阳
司隶,右扶风,漆
司隶,右扶风,杜阳
豫州,颍川郡,阳翟
豫州,颍川郡,襄
豫州,颍川郡,襄城
豫州,颍川郡,昆阳
豫州,颍川郡,定陵
豫州,颍川郡,舞阳
豫州,颍川郡,郾
豫州,颍川郡,临颍
豫州,颍川郡,颍阳
豫州,颍川郡,颍阴
豫州,颍川郡,许
豫州,颍川郡,新汲
豫州,颍川郡,鄢陵
豫州,颍川郡,长社
豫州,颍川郡,阳城
豫州,颍川郡,父城
豫州,颍川郡,轮氏
豫州,汝南郡,平舆
豫州,汝南郡,新阳
豫州,汝南郡,西平
豫州,汝南郡,上蔡
豫州,汝南郡,南顿
豫州,汝南郡,汝阴
豫州,汝南郡,汝阳
豫州,汝南郡,新息
豫州,汝南郡,北宜春
豫州,汝南郡,㶏强
豫州,汝南郡,灌阳
豫州,汝南郡,期思
豫州,汝南郡,阳安
豫州,汝南郡,项
豫州,汝南郡,西华
豫州,汝南郡,细阳
豫州,汝南郡,安城
豫州,汝南郡,吴房
豫州,汝南郡,鲖阳
豫州,汝南郡,慎阳
豫州,汝南郡,慎
豫州,汝南郡,新蔡
豫州,汝南郡,安阳
豫州,汝南郡,富波
豫州,汝南郡,宜禄
豫州,汝南郡,郎陵
豫州,汝南郡,弋阳
豫州,汝南郡,召陵
豫州,汝南郡,征羌
豫州,汝南郡,思善
豫州,汝南郡,宋
豫州,汝南郡,褒信
豫州,汝南郡,原鹿
豫州,汝南郡,定颍
豫州,汝南郡,固始
豫州,汝南郡,山桑
豫州,汝南郡,城父
豫州,梁国,下邑
豫州,梁国,睢阳
豫州,梁国,虞
豫州,梁国,砀山
豫州,梁国,蒙
豫州,梁国,谷熟
豫州,梁国,鄢
豫州,梁国,宁陵
豫州,梁国,薄
豫州,沛国,相
豫州,沛国,萧
豫州,沛国,沛
豫州,沛国,丰
豫州,沛国,酂
豫州,沛国,谷阳
豫州,沛国,谯
豫州,沛国,洨
豫州,沛国,蕲
豫州,沛国,铚
豫州,沛国,郸
豫州,沛国,建平
豫州,沛国,临睢
豫州,沛国,竹邑
豫州,沛国,公丘
豫州,沛国,龙亢
豫州,沛国,向
豫州,沛国,符离
豫州,沛国,虹
豫州,沛国,太丘
豫州,沛国,杼秋
豫州,陈国,陈
豫州,陈国,阳夏
豫州,陈国,宁平
豫州,陈国,苦
豫州,陈国,柘
豫州,陈国,新平
豫州,陈国,扶乐
豫州,陈国,武平
豫州,陈国,长平
豫州,鲁国,鲁
豫州,鲁国,驺
豫州,鲁国,蕃
豫州,鲁国,薛
豫州,鲁国,卞
豫州,鲁国,汶阳
冀州,魏郡,邺
冀州,魏郡,繁阳
冀州,魏郡,内黄
冀州,魏郡,魏
冀州,魏郡,元城
冀州,魏郡,黎阳
冀州,魏郡,阴安
冀州,魏郡,馆陶
冀州,魏郡,清渊
冀州,魏郡,平恩
冀州,魏郡,沙
冀州,魏郡,斥丘
冀州,魏郡,武安
冀州,魏郡,曲梁
冀州,魏郡,梁期
冀州,钜鹿郡,陶
冀州,钜鹿郡,钜鹿
冀州,钜鹿郡,杨氏
冀州,钜鹿郡,鄡
冀州,钜鹿郡,下曲阳
冀州,钜鹿郡,任
冀州,钜鹿郡,南和
冀州,钜鹿郡,广平
冀州,钜鹿郡,斥章
冀州,钜鹿郡,广宗
冀州,钜鹿郡,曲周
冀州,钜鹿郡,列人
冀州,钜鹿郡,广年
冀州,钜鹿郡,平乡
冀州,钜鹿郡,南䜌
冀州,常山国,元氏
冀州,常山国,高邑
冀州,常山国,都乡
冀州,常山国,南行唐
冀州,常山国,房子
冀州,常山国,平棘
冀州,常山国,栾城
冀州,常山国,九门
冀州,常山国,灵寿
冀州,常山国,蒲吾
冀州,常山国,井陉
冀州,常山国,真定
冀州,常山国,上艾
冀州,中山国,卢奴
冀州,中山国,北平
冀州,中山国,毋极
冀州,中山国,新市
冀州,中山国,望都
冀州,中山国,唐
冀州,中山国,安国
冀州,中山国,安憙
冀州,中山国,汉昌
冀州,中山国,蠡吾
冀州,中山国,上曲阳
冀州,中山国,蒲阴
冀州,中山国,广昌
冀州,安平国,信都
冀州,安平国,阜城
冀州,安平国,南宫
冀州,安平国,扶柳
冀州,安平国,下博
冀州,安平国,武邑
冀州,安平国,观津
冀州,安平国,堂阳
冀州,安平国,武遂
冀州,安平国,饶阳
冀州,安平国,安平
冀州,安平国,南深泽
冀州,河间国,乐成
冀州,河间国,弓高
冀州,河间国,易
冀州,河间国,武垣
冀州,河间国,中水
冀州,河间国,鄚
冀州,河间国,高阳
冀州,河间国,文安
冀州,河间国,束州
冀州,河间国,成平
冀州,河间国,东平舒
冀州,清河国,甘陵
冀州,清河国,贝丘
冀州,清河国,东武城
冀州,清河国,鄃
冀州,清河国,灵
冀州,清河国,绎幕
冀州,清河国,广川
冀州,赵国,邯郸
冀州,赵国,易阳
冀州,赵国,襄国
冀州,赵国,柏人
冀州,赵国,中丘
冀州,勃海郡,南皮
冀州,勃海郡,高城
冀州,勃海郡,重合
冀州,勃海郡,浮阳
冀州,勃海郡,东光
冀州,勃海郡,章武
冀州,勃海郡,阳信
冀州,勃海郡,脩
兖州,陈留郡,陈留
兖州,陈留郡,浚仪
兖州,陈留郡,尉氏
兖州,陈留郡,雍丘
兖州,陈留郡,襄邑
兖州,陈留郡,外黄
兖州,陈留郡,小黄
兖州,陈留郡,东昏
兖州,陈留郡,济阳
兖州,陈留郡,平丘
兖州,陈留郡,封丘
兖州,陈留郡,酸枣
兖州,陈留郡,长垣
兖州,陈留郡,己吾
兖州,陈留郡,考城
兖州,陈留郡,圉
兖州,陈留郡,扶沟
兖州,东郡,濮阳
兖州,东郡,燕
兖州,东郡,白马
兖州,东郡,顿丘
兖州,东郡,东阿
兖州,东郡,东武阳
兖州,东郡,范
兖州,东郡,临邑
兖州,东郡,博平
兖州,东郡,聊城
兖州,东郡,发干
兖州,东郡,乐平
兖州,东郡,阳平
兖州,东郡,卫
兖州,东郡,谷城
兖州,东平国,无盐
兖州,东平国,东平陆
兖州,东平国,富成
兖州,东平国,章
兖州,东平国,寿张
兖州,东平国,须昌
兖州,东平国,宁阳
兖州,任城国,任城
兖州,任城国,亢父
兖州,任城国,樊
兖州,泰山郡,奉高
兖州,泰山郡,博
兖州,泰山郡,梁甫
兖州,泰山郡,钜平
兖州,泰山郡,嬴
兖州,泰山郡,山茌
兖州,泰山郡,莱芜
兖州,泰山郡,盖
兖州,泰山郡,南武阳
兖州,泰山郡,南城
兖州,泰山郡,费
兖州,泰山郡,牟
兖州,济北国,卢
兖州,济北国,蛇丘
兖州,济北国,成
兖州,济北国,茌平
兖州,济北国,刚
兖州,山阳郡,昌邑
兖州,山阳郡,东缗
兖州,山阳郡,钜野
兖州,山阳郡,高平
兖州,山阳郡,湖陆
兖州,山阳郡,南平阳
兖州,山阳郡,方与
兖州,山阳郡,瑕丘
兖州,山阳郡,金乡
兖州,山阳郡,防东
兖州,济阴郡,定陶
兖州,济阴郡,冤句
兖州,济阴郡,成阳
兖州,济阴郡,乘氏
兖州,济阴郡,句阳
兖州,济阴郡,鄄城
兖州,济阴郡,离狐
兖州,济阴郡,廪丘
兖州,济阴郡,单父
兖州,济阴郡,成武
兖州,济阴郡,己氏
徐州,东海郡,郯
徐州,东海郡,兰陵
徐州,东海郡,戚
徐州,东海郡,朐
徐州,东海郡,襄贲
徐州,东海郡,昌虑
徐州,东海郡,承
徐州,东海郡,阴平
徐州,东海郡,利城
徐州,东海郡,合乡
徐州,东海郡,祝其
徐州,东海郡,厚丘
徐州,东海郡,赣榆
徐州,琅邪国,开阳
徐州,琅邪国,东武
徐州,琅邪国,琅邪
徐州,琅邪国,东莞
徐州,琅邪国,西海
徐州,琅邪国,诸
徐州,琅邪国,莒
徐州,琅邪国,东安
徐州,琅邪国,阳都
徐州,琅邪国,临沂
徐州,琅邪国,即丘
徐州,琅邪国,缯
徐州,琅邪国,姑幕
徐州,彭城国,彭城
徐州,彭城国,武原
徐州,彭城国,傅阳
徐州,彭城国,吕
徐州,彭城国,留
徐州,彭城国,梧
徐州,彭城国,菑丘
徐州,彭城国,广戚
徐州,广陵郡,广陵
徐州,广陵郡,江都
徐州,广陵郡,高邮
徐州,广陵郡,平安
徐州,广陵郡,凌
徐州,广陵郡,东阳
徐州,广陵郡,射阳
徐州,广陵郡,盐渎
徐州,广陵郡,舆
徐州,广陵郡,堂邑
徐州,广陵郡,海西
徐州,下邳国,下邳
徐州,下邳国,徐
徐州,下邳国,僮
徐州,下邳国,睢陵
徐州,下邳国,下相
徐州,下邳国,淮阴
徐州,下邳国,淮浦
徐州,下邳国,盱台
徐州,下邳国,高山
徐州,下邳国,潘旌
徐州,下邳国,淮陵
徐州,下邳国,取虑
徐州,下邳国,东城
徐州,下邳国,曲阳
徐州,下邳国,司吾
徐州,下邳国,良成
徐州,下邳国,夏丘
青州,济南国,东平陵
青州,济南国,著
青州,济南国,於陵
青州,济南国,台
青州,济南国,菅
青州,济南国,土鼓
青州,济南国,梁邹
青州,济南国,邹平
青州,济南国,东朝阳
青州,济南国,历城
青州,平原郡,平原
青州,平原郡,高唐
青州,平原郡,般
青州,平原郡,鬲
青州,平原郡,祝阿
青州,平原郡,乐陵
青州,平原郡,湿阴
青州,平原郡,安德
青州,平原郡,厌次
青州,乐安国,临济
青州,乐安国,千乘
青州,乐安国,高菀
青州,乐安国,乐安
青州,乐安国,博昌
青州,乐安国,蓼城
青州,乐安国,利
青州,乐安国,益
青州,乐安国,寿光
青州,北海国,剧
青州,北海国,营陵
青州,北海国,平寿
青州,北海国,都昌
青州,北海国,安丘
青州,北海国,淳于
青州,北海国,平昌
青州,北海国,朱虚
青州,北海国,东安平
青州,北海国,高密
青州,北海国,昌安
青州,北海国,夷安
青州,北海国,胶东
青州,北海国,即墨
青州,北海国,壮武
青州,北海国,下密
青州,北海国,挺
青州,北海国,观阳
青州,东莱郡,黄
青州,东莱郡,牟平
青州,东莱郡,惤
青州,东莱郡,曲成
青州,东莱郡,掖
青州,东莱郡,当利
青州,东莱郡,东牟
青州,东莱郡,昌阳
青州,东莱郡,卢乡
青州,东莱郡,长广
青州,东莱郡,黔陬
青州,东莱郡,葛卢
青州,东莱郡,不其
青州,齐郡,临菑
青州,齐郡,西安
青州,齐郡,昌国
青州,齐郡,临朐
青州,齐郡,广
青州,齐郡,般阳
荆州,南阳郡,宛
荆州,南阳郡,冠军
荆州,南阳郡,叶
荆州,南阳郡,新野
荆州,南阳郡,章陵
荆州,南阳郡,西鄂
荆州,南阳郡,雉
荆州,南阳郡,鲁阳
荆州,南阳郡,犨
荆州,南阳郡,堵阳
荆州,南阳郡,博望
荆州,南阳郡,舞阴
荆州,南阳郡,比阳
荆州,南阳郡,复阳
荆州,南阳郡,平氏
荆州,南阳郡,棘阳
荆州,南阳郡,湖阳
荆州,南阳郡,随
荆州,南阳郡,育阳
荆州,南阳郡,涅阳
荆州,南阳郡,阴
荆州,南阳郡,酇
荆州,南阳郡,邓
荆州,南阳郡,山都
荆州,南阳郡,郦
荆州,南阳郡,穰
荆州,南阳郡,朝阳
荆州,南阳郡,蔡阳
荆州,南阳郡,安众
荆州,南阳郡,筑阳
荆州,南阳郡,武当
荆州,南阳郡,顺阳
荆州,南阳郡,成都
荆州,南阳郡,襄乡
荆州,南阳郡,南乡
荆州,南阳郡,丹水
荆州,南阳郡,析
荆州,南郡,江陵
荆州,南郡,巫
荆州,南郡,秭归
荆州,南郡,中卢
荆州,南郡,编
荆州,南郡,当阳
荆州,南郡,华容
荆州,南郡,襄阳
荆州,南郡,邔
荆州,南郡,宜城
荆州,南郡,鄀
荆州,南郡,临沮
荆州,南郡,枝江
荆州,南郡,夷道
荆州,南郡,夷陵
荆州,南郡,州陵
荆州,南郡,佷山
荆州,江夏郡,西陵
荆州,江夏郡,西阳
荆州,江夏郡,轪
荆州,江夏郡,鄳
荆州,江夏郡,竟陵
荆州,江夏郡,云杜
荆州,江夏郡,沙羡
荆州,江夏郡,邾
荆州,江夏郡,下雉
荆州,江夏郡,蕲春
荆州,江夏郡,鄂
荆州,江夏郡,平春
荆州,江夏郡,南新市
荆州,江夏郡,安陆
荆州,零陵郡,泉陵
荆州,零陵郡,零陵
荆州,零陵郡,营道
荆州,零陵郡,营浦
荆州,零陵郡,泠道
荆州,零陵郡,洮阳
荆州,零陵郡,都梁
荆州,零陵郡,夫夷
荆州,零陵郡,始安
荆州,零陵郡,重安
荆州,零陵郡,湘乡
荆州,零陵郡,昭阳
荆州,零陵郡,烝阳
荆州,桂阳郡,郴
荆州,桂阳郡,便
荆州,桂阳郡,耒阳
荆州,桂阳郡,阴山
荆州,桂阳郡,南平
荆州,桂阳郡,临武
荆州,桂阳郡,桂阳
荆州,桂阳郡,含洭
荆州,桂阳郡,浈阳
荆州,桂阳郡,曲江
荆州,桂阳郡,汉宁
荆州,武陵郡,临沅
荆州,武陵郡,汉寿
荆州,武陵郡,孱陵
荆州,武陵郡,零阳
荆州,武陵郡,充
荆州,武陵郡,沅陵
荆州,武陵郡,辰阳
荆州,武陵郡,酉阳
荆州,武陵郡,迁陵
荆州,武陵郡,镡成
荆州,武陵郡,沅南
荆州,武陵郡,作唐
荆州,长沙郡,临湘
荆州,长沙郡,攸
荆州,长沙郡,荼陵
荆州,长沙郡,安城
荆州,长沙郡,酃
荆州,长沙郡,湘南
荆州,长沙郡,连道
荆州,长沙郡,昭陵
荆州,长沙郡,益阳
荆州,长沙郡,下隽
荆州,长沙郡,罗
荆州,长沙郡,醴陵
荆州,长沙郡,容陵
扬州,九江郡,阴陵
扬州,九江郡,寿春
扬州,九江郡,浚遒
扬州,九江郡,成德
扬州,九江郡,西曲阳
扬州,九江郡,合肥
扬州,九江郡,历阳
扬州,九江郡,当涂
扬州,九江郡,全椒
扬州,九江郡,钟离
扬州,九江郡,阜陵
扬州,九江郡,下蔡
扬州,九江郡,平阿
扬州,九江郡,义成
扬州,丹阳郡,宛陵
扬州,丹阳郡,溧阳
扬州,丹阳郡,丹阳
扬州,丹阳郡,故鄣
扬州,丹阳郡,於潜
扬州,丹阳郡,泾
扬州,丹阳郡,歙
扬州,丹阳郡,黝
扬州,丹阳郡,陵阳
扬州,丹阳郡,芜湖
扬州,丹阳郡,秣陵
扬州,丹阳郡,湖熟
扬州,丹阳郡,句容
扬州,丹阳郡,江乘
扬州,丹阳郡,春谷
扬州,丹阳郡,石城
扬州,庐江郡,舒
扬州,庐江郡,雩娄
扬州,庐江郡,寻阳
扬州,庐江郡,潜
扬州,庐江郡,临湖
扬州,庐江郡,龙舒
扬州,庐江郡,襄安
扬州,庐江郡,皖
扬州,庐江郡,居巢
扬州,庐江郡,六安
扬州,庐江郡,蓼
扬州,庐江郡,安丰
扬州,庐江郡,阳泉
扬州,庐江郡,安风
扬州,会稽郡,山阴
扬州,会稽郡,鄮
扬州,会稽郡,乌伤
扬州,会稽郡,诸暨
扬州,会稽郡,余暨
扬州,会稽郡,太末
扬州,会稽郡,上虞
扬州,会稽郡,剡
扬州,会稽郡,余姚
扬州,会稽郡,句章
扬州,会稽郡,鄞
扬州,会稽郡,章安
扬州,会稽郡,永宁
扬州,会稽郡,东部
扬州,吴郡,吴
扬州,吴郡,海盐
扬州,吴郡,乌程
扬州,吴郡,余杭
扬州,吴郡,毗陵
扬州,吴郡,丹徒
扬州,吴郡,曲阿
扬州,吴郡,由拳
扬州,吴郡,安
扬州,吴郡,富春
扬州,吴郡,阳羡
扬州,吴郡,无锡
扬州,吴郡,娄
扬州,豫章郡,南昌
扬州,豫章郡,建城
扬州,豫章郡,新淦
扬州,豫章郡,宜春
扬州,豫章郡,庐陵
扬州,豫章郡,赣
扬州,豫章郡,雩都
扬州,豫章郡,南野
扬州,豫章郡,南城
扬州,豫章郡,鄱阳
扬州,豫章郡,历陵
扬州,豫章郡,余汗
扬州,豫章郡,鄡阳
扬州,豫章郡,彭泽
扬州,豫章郡,柴桑
扬州,豫章郡,艾
扬州,豫章郡,海昏
扬州,豫章郡,平都
扬州,豫章郡,石阳
扬州,豫章郡,临汝
扬州,豫章郡,建昌
益州,汉中郡,南郑
益州,汉中郡,成固
益州,汉中郡,西城
益州,汉中郡,襃中
益州,汉中郡,沔阳
益州,汉中郡,安阳
益州,汉中郡,锡
益州,汉中郡,上庸
益州,汉中郡,房陵
益州,巴郡,江州
益州,巴郡,宕渠
益州,巴郡,朐忍
益州,巴郡,阆中
益州,巴郡,鱼复
益州,巴郡,临江
益州,巴郡,枳
益州,巴郡,涪陵
益州,巴郡,垫江
益州,巴郡,安汉
益州,巴郡,平都
益州,巴郡,充国
益州,巴郡,宣汉
益州,巴郡,汉昌
益州,广汉郡,雒
益州,广汉郡,新都
益州,广汉郡,绵竹
益州,广汉郡,什邡
益州,广汉郡,涪
益州,广汉郡,梓潼
益州,广汉郡,白水
益州,广汉郡,葭萌
益州,广汉郡,郪
益州,广汉郡,广汉
益州,广汉郡,德阳
益州,蜀郡,成都
益州,蜀郡,郫
益州,蜀郡,江原
益州,蜀郡,繁
益州,蜀郡,广都
益州,蜀郡,临邛
益州,蜀郡,湔氐道
益州,蜀郡,汶江道
益州,蜀郡,蚕陵
益州,蜀郡,广柔
益州,蜀郡,绵虒道
益州,犍为郡,武阳
益州,犍为郡,资中
益州,犍为郡,牛鞞
益州,犍为郡,南安
益州,犍为郡,僰道
益州,犍为郡,江阳
益州,犍为郡,符节
益州,犍为郡,南广
益州,犍为郡,汉安
益州,牂柯郡,故且兰
益州,牂柯郡,平夷
益州,牂柯郡,鄨
益州,牂柯郡,毋敛
益州,牂柯郡,谈指
益州,牂柯郡,夜郎
益州,牂柯郡,同并
益州,牂柯郡,谈稾
益州,牂柯郡,漏江
益州,牂柯郡,毋单
益州,牂柯郡,宛温
益州,牂柯郡,镡封
益州,牂柯郡,漏卧
益州,牂柯郡,句町
益州,牂柯郡,进乘
益州,牂柯郡,西随
益州,越巂郡,邛都
益州,越巂郡,遂久
益州,越巂郡,灵关道
益州,越巂郡,台登
益州,越巂郡,青蛉
益州,越巂郡,卑水
益州,越巂郡,三缝
益州,越巂郡,会无
益州,越巂郡,定莋
益州,越巂郡,阐
益州,越巂郡,苏示
益州,越巂郡,大莋
益州,越巂郡,莋秦
益州,越巂郡,姑复
益州,益州郡,滇池
益州,益州郡,胜休
益州,益州郡,俞元
益州,益州郡,律高
益州,益州郡,贲古
益州,益州郡,毋棳
益州,益州郡,建伶
益州,益州郡,谷昌
益州,益州郡,牧靡
益州,益州郡,味
益州,益州郡,昆泽
益州,益州郡,同濑
益州,益州郡,同劳
益州,益州郡,双柏
益州,益州郡,连然
益州,益州郡,梇栋
益州,益州郡,秦臧
益州,永昌郡,不韦
益州,永昌郡,巂唐
益州,永昌郡,比苏
益州,永昌郡,楪榆
益州,永昌郡,邪龙
益州,永昌郡,云南
益州,永昌郡,哀牢
益州,永昌郡,博南
益州,广汉属国,阴平道
益州,广汉属国,甸氐道
益州,广汉属国,刚氐道
益州,蜀郡属国,汉嘉
益州,蜀郡属国,严道
益州,蜀郡属国,徙
益州,蜀郡属国,旄牛
益州,犍为属国,朱提
益州,犍为属国,汉阳
凉州,陇西郡,狄道
凉州,陇西郡,安故
凉州,陇西郡,氐道
凉州,陇西郡,首阳
凉州,陇西郡,大夏
凉州,陇西郡,襄武
凉州,陇西郡,临洮
凉州,陇西郡,枹罕
凉州,陇西郡,白石
凉州,陇西郡,鄣
凉州,陇西郡,河关
凉州,汉阳郡,冀
凉州,汉阳郡,望恒
凉州,汉阳郡,阿阳
凉州,汉阳郡,略阳
凉州,汉阳郡,勇士
凉州,汉阳郡,成纪
凉州,汉阳郡,陇
凉州,汉阳郡,豲道
凉州,汉阳郡,兰干
凉州,汉阳郡,平襄
凉州,汉阳郡,显亲
凉州,汉阳郡,上邽
凉州,汉阳郡,西
凉州,武都郡,下辨
凉州,武都郡,武都道
凉州,武都郡,上禄
凉州,武都郡,故道
凉州,武都郡,河池
凉州,武都郡,沮
凉州,武都郡,羌道
凉州,金城郡,允吾
凉州,金城郡,浩亹
凉州,金城郡,令居
凉州,金城郡,枝阳
凉州,金城郡,金城
凉州,金城郡,榆中
凉州,金城郡,临羌
凉州,金城郡,破羌
凉州,金城郡,安夷
凉州,金城郡,允街
凉州,安定郡,临泾
凉州,安定郡,高平
凉州,安定郡,朝那
凉州,安定郡,乌枝
凉州,安定郡,三水
凉州,安定郡,阴盘
凉州,安定郡,彭阳
凉州,安定郡,鹑觚
凉州,北地郡,富平
凉州,北地郡,泥阳
凉州,北地郡,弋居
凉州,北地郡,廉
凉州,北地郡,参䜌
凉州,北地郡,灵州
凉州,武威郡,姑臧
凉州,武威郡,张掖
凉州,武威郡,武威
凉州,武威郡,休屠
凉州,武威郡,揟次
凉州,武威郡,鸾鸟
凉州,武威郡,朴䟽
凉州,武威郡,媪围
凉州,武威郡,宣威
凉州,武威郡,仓松
凉州,武威郡,鹯阴
凉州,武威郡,租厉
凉州,武威郡,显美
凉州,武威郡,左骑
凉州,张掖郡,觻得
凉州,张掖郡,昭武
凉州,张掖郡,删丹
凉州,张掖郡,氐池
凉州,张掖郡,屋兰
凉州,张掖郡,日勒
凉州,张掖郡,骊靬
凉州,张掖郡,番和
凉州,酒泉郡,福禄
凉州,酒泉郡,表氏
凉州,酒泉郡,乐涫
凉州,酒泉郡,玉门
凉州,酒泉郡,会水
凉州,酒泉郡,沙头
凉州,酒泉郡,安弥
凉州,酒泉郡,乾齐
凉州,酒泉郡,延寿
凉州,敦煌郡,敦煌
凉州,敦煌郡,冥安
凉州,敦煌郡,效谷
凉州,敦煌郡,渊泉
凉州,敦煌郡,广至
凉州,敦煌郡,龙勒
凉州,张掖属国,候官
凉州,张掖属国,左骑
凉州,张掖属国,千人
凉州,张掖属国,司马官
凉州,张掖属国,千人官
凉州,张掖居延属国,居延
并州,上党郡,长子
并州,上党郡,屯留
并州,上党郡,铜鞮
并州,上党郡,沾
并州,上党郡,涅
并州,上党郡,襄垣
并州,上党郡,壶关
并州,上党郡,泫氏
并州,上党郡,高都
并州,上党郡,潞
并州,上党郡,猗氏
并州,上党郡,阳阿
并州,上党郡,谷远
并州,太原郡,晋阳
并州,太原郡,界休
并州,太原郡,榆次
并州,太原郡,中都
并州,太原郡,于离
并州,太原郡,兹氏
并州,太原郡,狼孟
并州,太原郡,邬
并州,太原郡,盂
并州,太原郡,平陶
并州,太原郡,京陵
并州,太原郡,阳曲
并州,太原郡,大陵
并州,太原郡,祁
并州,太原郡,虑虒
并州,太原郡,阳邑
并州,上郡,肤施
并州,上郡,白土
并州,上郡,漆垣
并州,上郡,奢延
并州,上郡,雕阴
并州,上郡,桢林
并州,上郡,定阳
并州,上郡,高奴
并州,上郡,龟兹属国
并州,上郡,候官
并州,西河郡,离石
并州,西河郡,平定
并州,西河郡,美稷
并州,西河郡,乐街
并州,西河郡,中阳
并州,西河郡,皋狼
并州,西河郡,平周
并州,西河郡,平陆
并州,西河郡,益兰
并州,西河郡,圜阴
并州,西河郡,蔺
并州,西河郡,圜阳
并州,西河郡,广衍
并州,五原郡,九原
并州,五原郡,五原
并州,五原郡,临沃
并州,五原郡,文国
并州,五原郡,河阴
并州,五原郡,武都
并州,五原郡,宜梁
并州,五原郡,曼柏
并州,五原郡,成宜
并州,五原郡,西安阳
并州,云中郡,云中
并州,云中郡,咸阳
并州,云中郡,箕陵
并州,云中郡,沙陵
并州,云中郡,沙南
并州,云中郡,北舆
并州,云中郡,武泉
并州,云中郡,原阳
并州,云中郡,定襄
并州,云中郡,成乐
并州,云中郡,武进
并州,定襄郡,善无
并州,定襄郡,桐过
并州,定襄郡,武成
并州,定襄郡,骆
并州,定襄郡,中陵
并州,雁门郡,阴馆
并州,雁门郡,繁畤
并州,雁门郡,楼烦
并州,雁门郡,武州
并州,雁门郡,汪陶
并州,雁门郡,剧阳
并州,雁门郡,崞
并州,雁门郡,平城
并州,雁门郡,埒
并州,雁门郡,马邑
并州,雁门郡,卤城
并州,雁门郡,广武
并州,雁门郡,原平
并州,雁门郡,彊阴
并州,朔方郡,临戎
并州,朔方郡,三封
并州,朔方郡,朔方
并州,朔方郡,沃野
并州,朔方郡,广牧
并州,朔方郡,大城
幽州,涿郡,涿
幽州,涿郡,逎
幽州,涿郡,故安
幽州,涿郡,范阳
幽州,涿郡,良乡
幽州,涿郡,北新城
幽州,涿郡,方城
幽州,广阳郡,蓟
幽州,广阳郡,广阳
幽州,广阳郡,昌平
幽州,广阳郡,军都
幽州,广阳郡,安次
幽州,代郡,高柳
幽州,代郡,桑乾
幽州,代郡,道人
幽州,代郡,当城
幽州,代郡,马城
幽州,代郡,班氏
幽州,代郡,狋氏
幽州,代郡,北平邑
幽州,代郡,东安阳
幽州,代郡,平舒
幽州,代郡,代
幽州,上谷郡,沮阳
幽州,上谷郡,潘
幽州,上谷郡,甯
幽州,上谷郡,广甯
幽州,上谷郡,居庸
幽州,上谷郡,雊瞀
幽州,上谷郡,涿鹿
幽州,上谷郡,下落
幽州,渔阳郡,渔阳
幽州,渔阳郡,狐奴
幽州,渔阳郡,潞
幽州,渔阳郡,雍奴
幽州,渔阳郡,泉州
幽州,渔阳郡,平谷
幽州,渔阳郡,安乐
幽州,渔阳郡,傂奚
幽州,渔阳郡,犷平
幽州,右北平郡,土垠
幽州,右北平郡,徐无
幽州,右北平郡,俊靡
幽州,右北平郡,无终
幽州,辽西郡,阳乐
幽州,辽西郡,海阳
幽州,辽西郡,令支
幽州,辽西郡,肥如
幽州,辽西郡,临渝
幽州,辽东郡,襄平
幽州,辽东郡,新昌
幽州,辽东郡,无虑
幽州,辽东郡,望平
幽州,辽东郡,候城
幽州,辽东郡,安市
幽州,辽东郡,平郭
幽州,辽东郡,西安平
幽州,辽东郡,汶
幽州,辽东郡,番汗
幽州,辽东郡,沓氏
幽州,玄菟郡,高句骊
幽州,玄菟郡,西盖马
幽州,玄菟郡,上殷台
幽州,玄菟郡,高显
幽州,玄菟郡,候城
幽州,玄菟郡,辽阳
幽州,乐浪郡,朝鲜
幽州,乐浪郡,𧦦邯
幽州,乐浪郡,浿水
幽州,乐浪郡,含资
幽州,乐浪郡,占蝉
幽州,乐浪郡,遂城
幽州,乐浪郡,增地
幽州,乐浪郡,带方
幽州,乐浪郡,驷望
幽州,乐浪郡,海冥
幽州,乐浪郡,列口
幽州,乐浪郡,长岑
幽州,乐浪郡,屯有
幽州,乐浪郡,昭明
幽州,乐浪郡,镂方
幽州,乐浪郡,提奚
幽州,乐浪郡,浑弥
幽州,乐浪郡,乐都
幽州,辽东属国,昌辽
幽州,辽东属国,宾徒
幽州,辽东属国,徒河
幽州,辽东属国,无虑
幽州,辽东属国,险渎
幽州,辽东属国,房
交州,南海郡,番禺
交州,南海郡,博罗
交州,南海郡,中宿
交州,南海郡,龙川
交州,南海郡,四会
交州,南海郡,揭阳
交州,南海郡,增城
交州,苍梧郡,广信
交州,苍梧郡,谢沐
交州,苍梧郡,高要
交州,苍梧郡,封阳
交州,苍梧郡,临贺
交州,苍梧郡,端溪
交州,苍梧郡,冯乘
交州,苍梧郡,富川
交州,苍梧郡,荔浦
交州,苍梧郡,猛陵
交州,苍梧郡,鄣平
交州,郁林郡,布山
交州,郁林郡,安广
交州,郁林郡,阿林
交州,郁林郡,广郁
交州,郁林郡,中溜
交州,郁林郡,桂林
交州,郁林郡,潭中
交州,郁林郡,临尘
交州,郁林郡,定周
交州,郁林郡,增食
交州,郁林郡,领方
交州,合浦郡,合浦
交州,合浦郡,徐闻
交州,合浦郡,高凉
交州,合浦郡,临元
交州,合浦郡,朱崖
交州,交趾郡,龙编
交州,交趾郡,羸娄
交州,交趾郡,安定
交州,交趾郡,苟漏
交州,交趾郡,麊泠
交州,交趾郡,曲阳
交州,交趾郡,北带
交州,交趾郡,稽徐
交州,交趾郡,西于
交州,交趾郡,朱鸢
交州,交趾郡,封溪
交州,交趾郡,望海
交州,九真郡,胥浦
交州,九真郡,居风
交州,九真郡,咸驩
交州,九真郡,无功
交州,九真郡,无编
交州,日南郡,西卷
交州,日南郡,朱吾
交州,日南郡,卢容
交州,日南郡,象林
交州,日南郡,比景
