县名,所属郡,经度,纬度,今址
番禺,南海郡,113.26,23.13,今广东广州市
博罗,南海郡,114.28,23.17,今广东博罗县
中宿,南海郡,113.55,23.95,今广东清远市
龙川,南海郡,115.26,24.1,今广东龙川县
四会,南海郡,112.69,23.33,今广东四会市
揭阳,南海郡,116.37,23.55,今广东揭阳市
增城,南海郡,113.81,23.29,今广东增城区
广信,苍梧郡,111.28,23.48,今广西梧州市
谢沐,苍梧郡,111.35,25.22,约当今湖南江永县西南
高要,苍梧郡,112.46,23.05,今广东肇庆市
封阳,苍梧郡,111.85,23.8,约当今广西贺州市南
临贺,苍梧郡,111.55,24.42,今广西贺州市
端溪,苍梧郡,111.9,23.12,约当今广东德庆县一带
冯乘,苍梧郡,111.6,25.15,约当今广西富川县东北
富川,苍梧郡,111.45,24.65,约当今广西钟山县一带
荔浦,苍梧郡,110.4,24.49,今广西荔浦市
猛陵,苍梧郡,110.95,23.55,约当今广西藤县一带
鄣平,苍梧郡,111.1,23.05,今址无考，约当今广西容县一带
布山,郁林郡,109.6,23.1,今广西贵港市
安广,郁林郡,109.2,22.9,约当今广西横县南
阿林,郁林郡,110.08,23.39,约当今广西桂平市一带
广郁,郁林郡,109.7,23.75,今址存疑
中溜,郁林郡,109.66,23.6,约当今广西武宣县一带
桂林,郁林郡,109.7,24.3,约当今广西象州县一带
潭中,郁林郡,109.42,24.32,今广西柳州市
临尘,郁林郡,107.36,22.4,约当今广西崇左市一带
定周,郁林郡,108.64,24.49,约当今广西宜州区一带
增食,郁林郡,107.7,23.2,约当今广西隆安县一带
领方,郁林郡,108.81,23.22,今广西宾阳县一带
合浦,合浦郡,109.2,21.8,今广西合浦县
徐闻,合浦郡,110.17,20.33,今广东徐闻县
高凉,合浦郡,110.85,21.92,约当今广东高州市一带
临元,合浦郡,111.57,22.77,今址存疑，或作临允，约当今广东罗定一带
朱崖,合浦郡,110.35,20.0,约当今海南海口一带（珠崖旋置旋弃）
龙编,交趾郡,105.85,21.03,今越南河内市
羸娄,交趾郡,105.45,21.45,约当今越南永福省一带（交州初治）
安定,交趾郡,105.6,21.3,约当今越南北宁一带
苟漏,交趾郡,106.05,20.95,今址存疑
麊泠,交趾郡,105.3,21.55,约当今越南富寿省一带（征侧故里）
曲阳,交趾郡,105.4,20.9,今址存疑
北带,交趾郡,104.9,21.2,今址存疑
稽徐,交趾郡,105.8,20.7,今址存疑
西于,交趾郡,105.7,21.3,约当今越南河内北郊一带
朱鸢,交趾郡,106.15,20.9,约当今越南兴安一带
封溪,交趾郡,105.55,22.05,建武十九年马援分置，今址存疑
望海,交趾郡,106.4,20.8,建武十九年置，今址存疑
胥浦,九真郡,105.8,19.8,今越南清化市
居风,九真郡,105.4,19.4,约当今越南清化南一带
咸驩,九真郡,105.7,18.8,约当今越南乂安省一带
无功,九真郡,104.9,19.6,今址存疑
无编,九真郡,105.2,19.9,今址存疑
西卷,日南郡,107.0,16.8,今越南广治省一带
朱吾,日南郡,107.5,16.9,约当今越南承天顺化一带
卢容,日南郡,106.7,17.1,约当今越南广治北一带
象林,日南郡,108.2,15.9,约当今越南岘港一带（林邑故地）
比景,日南郡,105.95,18.4,约当今越南河静省一带
