姓名,字,生年,卒年,势力,籍贯,出处
曹操,孟德,155.0,220.0,魏,沛国谯县,《三国志·魏书一·武帝纪》
曹丕,子桓,187.0,226.0,魏,沛国谯县,《三国志·魏书二·文帝纪》
曹植,子建,192.0,232.0,魏,沛国谯县,《三国志·魏书十九·陈思王传》
曹彰,子文,,223.0,魏,沛国谯县,《三国志·魏书十九·任城王传》
曹仁,子孝,168.0,223.0,魏,沛国谯县,《三国志·魏书九·曹仁传》
曹真,子丹,,231.0,魏,沛国谯县,《三国志·魏书九·曹真传》
曹爽,昭伯,,249.0,魏,沛国谯县,《三国志·魏书九·曹爽传》
曹休,文烈,,228.0,魏,沛国谯县,《三国志·魏书九·曹休传》
曹洪,子廉,,,魏,沛国谯县,《三国志·魏书九·曹洪传》
曹纯,子和,170.0,210.0,魏,沛国谯县,《三国志·魏书九·曹纯传》
曹叡,元仲,204.0,239.0,魏,沛国谯县,《三国志·魏书三·明帝纪》
曹芳,兰卿,232.0,274.0,魏,沛国谯县（明帝养子）,《三国志·魏书四·三少帝纪》
曹髦,彦士,241.0,260.0,魏,沛国谯县,《三国志·魏书四·三少帝纪》
曹奂,景明,246.0,,魏,沛国谯县,《三国志·魏书四·三少帝纪》
夏侯惇,元让,,220.0,魏,沛国谯县,《三国志·魏书九·夏侯惇传》
夏侯渊,妙才,,219.0,魏,沛国谯县,《三国志·魏书九·夏侯渊传》
夏侯尚,伯仁,,226.0,魏,沛国谯县,《三国志·魏书九·夏侯尚传》
夏侯霸,仲权,,,蜀,沛国谯县,《三国志·魏书九·夏侯渊传附》及《蜀书十四·姜维传》
夏侯玄,太初,209.0,254.0,魏,沛国谯县,《三国志·魏书九·夏侯尚传附》
荀彧,文若,163.0,212.0,魏,颍川颍阴,《三国志·魏书十·荀彧传》
荀攸,公达,157.0,214.0,魏,颍川颍阴,《三国志·魏书十·荀攸传》
贾诩,文和,147.0,223.0,魏,武威姑臧,《三国志·魏书十·贾诩传》
郭嘉,奉孝,170.0,207.0,魏,颍川阳翟,《三国志·魏书十四·郭嘉传》
程昱,仲德,141.0,220.0,魏,东郡东阿,《三国志·魏书十四·程昱传》
董昭,公仁,156.0,236.0,魏,济阴定陶,《三国志·魏书十四·董昭传》
刘晔,子扬,,234.0,魏,淮南成德,《三国志·魏书十四·刘晔传》
蒋济,子通,,249.0,魏,楚国平阿,《三国志·魏书十四·蒋济传》
钟繇,元常,151.0,230.0,魏,颍川长社,《三国志·魏书十三·钟繇传》
华歆,子鱼,157.0,232.0,魏,平原高唐,《三国志·魏书十三·华歆传》
王朗,景兴,,228.0,魏,东海郯县,《三国志·魏书十三·王朗传》
陈群,长文,,237.0,魏,颍川许昌,《三国志·魏书二十二·陈群传》
王粲,仲宣,177.0,217.0,魏,山阳高平,《三国志·魏书二十一·王粲传》
陈琳,孔璋,,217.0,魏,广陵射阳,《三国志·魏书二十一·王粲传附》
刘桢,公干,,217.0,魏,东平宁阳,《三国志·魏书二十一·王粲传附》
徐干,伟长,170.0,217.0,魏,北海剧县,《三国志·魏书二十一·王粲传附》
应玚,德琏,,217.0,魏,汝南南顿,《三国志·魏书二十一·王粲传附》
阮瑀,元瑜,,212.0,魏,陈留尉氏,《三国志·魏书二十一·王粲传附》
杨修,德祖,175.0,219.0,魏,弘农华阴,《三国志·魏书十九·曹植传附》
丁仪,正礼,,220.0,魏,沛国,《三国志·魏书十九·陈思王传附》
崔琰,季珪,,216.0,魏,清河东武城,《三国志·魏书十二·崔琰传》
毛玠,孝先,,,魏,陈留平丘,《三国志·魏书十二·毛玠传》
鲍信,允诚,152.0,192.0,魏,泰山平阳,《三国志·魏书十二·鲍勋传附》
鲍勋,叔业,,226.0,魏,泰山平阳,《三国志·魏书十二·鲍勋传》
张辽,文远,169.0,222.0,魏,雁门马邑,《三国志·魏书十七·张辽传》
乐进,文谦,,218.0,魏,阳平卫国,《三国志·魏书十七·乐进传》
于禁,文则,,221.0,魏,泰山钜平,《三国志·魏书十七·于禁传》
张郃,儁乂,,231.0,魏,河间鄚县,《三国志·魏书十七·张郃传》
徐晃,公明,,227.0,魏,河东杨县,《三国志·魏书十七·徐晃传》
李典,曼成,,,魏,山阳钜野,《三国志·魏书十八·李典传》
李通,文达,,,魏,江夏平春,《三国志·魏书十八·李通传》
臧霸,宣高,,,魏,泰山华县,《三国志·魏书十八·臧霸传》
文聘,仲业,,,魏,南阳宛县,《三国志·魏书十八·文聘传》
许褚,仲康,,,魏,沛国谯县,《三国志·魏书十八·许褚传》
典韦,,,197.0,魏,陈留己吾,《三国志·魏书十八·典韦传》
庞德,令明,,219.0,魏,南安狟道,《三国志·魏书十八·庞德传》
满宠,伯宁,,242.0,魏,山阳昌邑,《三国志·魏书二十六·满宠传》
田豫,国让,171.0,252.0,魏,渔阳雍奴,《三国志·魏书二十六·田豫传》
郭淮,伯济,,255.0,魏,太原阳曲,《三国志·魏书二十六·郭淮传》
牵招,子经,,,魏,安平观津,《三国志·魏书二十六·牵招传》
辛毗,佐治,,234.0,魏,颍川阳翟,《三国志·魏书二十五·辛毗传》
杨阜,义山,,,魏,天水冀县,《三国志·魏书二十五·杨阜传》
高柔,文惠,174.0,263.0,魏,陈留圉县,《三国志·魏书二十四·高柔传》
孙礼,德达,,250.0,魏,涿郡容城,《三国志·魏书二十四·孙礼传》
王凌,彦云,172.0,251.0,魏,太原祁县,《三国志·魏书二十八·王凌传》
毌丘俭,仲恭,,255.0,魏,河东闻喜,《三国志·魏书二十八·毌丘俭传》
文钦,仲若,,258.0,吴,谯郡,《三国志·魏书二十八·毌丘俭传附》
诸葛诞,公休,,258.0,魏,琅邪阳都,《三国志·魏书二十八·诸葛诞传》
邓艾,士载,197.0,264.0,魏,义阳棘阳,《三国志·魏书二十八·邓艾传》
钟会,士季,225.0,264.0,魏,颍川长社,《三国志·魏书二十八·钟会传》
司马懿,仲达,179.0,251.0,魏,河内温县,《晋书·卷一·宣帝纪》（《三国志》未立传，事迹散见魏书各纪）
司马师,子元,208.0,255.0,魏,河内温县,《晋书·卷二·景帝纪》
司马昭,子上,211.0,265.0,魏,河内温县,《晋书·卷二·文帝纪》
司马孚,叔达,180.0,272.0,魏,河内温县,《晋书·安平献王孚传》
司马朗,伯达,171.0,217.0,魏,河内温县,《三国志·魏书十五·司马朗传》
杜畿,伯侯,163.0,224.0,魏,京兆杜陵,《三国志·魏书十六·杜畿传》
贾逵,梁道,174.0,228.0,魏,河东襄陵,《三国志·魏书十五·贾逵传》
刘馥,元颖,,208.0,魏,沛国相县,《三国志·魏书十五·刘馥传》
张既,德容,170.0,225.0,魏,冯翊高陵,《三国志·魏书十五·张既传》
杨彪,文先,142.0,225.0,魏,弘农华阴,《三国志·魏书十三》附
蔡邕,伯喈,133.0,192.0,魏,陈留圉县,《三国志》裴注引《张璠汉纪》等
祢衡,正平,173.0,198.0,魏,平原般县,《后汉书·文苑列传》
华佗,元化,,208.0,魏,沛国谯县,《三国志·魏书二十九·华佗传》
管辂,公明,210.0,256.0,魏,平原县,《三国志·魏书二十九·管辂传》
汉献帝,,181.0,234.0,其他,洛阳,《三国志》无帝纪，事散见魏书各纪裴注
何进,遂高,,189.0,其他,南阳宛县,《三国志·魏书六·董卓传》
王允,子师,137.0,192.0,其他,太原祁县,《三国志·魏书六·董卓传》
董卓,仲颖,,192.0,群雄,陇西临洮,《三国志·魏书六·董卓传》
吕布,奉先,,199.0,群雄,五原九原,《三国志·魏书七·吕布传》
陈宫,公台,,199.0,群雄,东郡,《三国志·魏书七·吕布传附》
高顺,,,199.0,群雄,并州,《三国志·魏书七·吕布传附》
张邈,孟卓,,195.0,群雄,东郡寿张,《三国志·魏书七·吕布传附》
臧洪,子源,160.0,195.0,群雄,广陵射阳,《三国志·魏书七·臧洪传》
张绣,,,207.0,群雄,武威祖厉,《三国志·魏书八·张绣传》
张杨,稚叔,,198.0,群雄,云中,《三国志·魏书八·张杨传》
张燕,,,,群雄,常山真定,《三国志·魏书八·张燕传》
公孙瓒,伯圭,,199.0,群雄,辽西令支,《三国志·魏书八·公孙瓒传》
公孙度,升济,,204.0,群雄,辽东襄平,《三国志·魏书八·公孙度传》
公孙渊,文懿,,238.0,群雄,辽东襄平,《三国志·魏书八·公孙渊传》
陶谦,恭祖,132.0,194.0,群雄,丹阳,《三国志·魏书八·陶谦传》
刘岱,公山,,192.0,群雄,东莱牟平,《三国志·魏书一·武帝纪》
刘虞,伯安,,193.0,群雄,东海郯县,《三国志·魏书八》附
刘表,景升,142.0,208.0,群雄,山阳高平,《三国志·魏书六·刘表传》
黄祖,,,208.0,群雄,江夏,《三国志·吴书一·孙坚传》等
韩馥,文节,,191.0,群雄,颍川,《三国志·魏书六·袁绍传》
袁绍,本初,,202.0,群雄,汝南汝阳,《三国志·魏书六·袁绍传》
袁谭,显思,,205.0,群雄,汝南汝阳,《三国志·魏书六·袁绍传附》
袁尚,显甫,,207.0,群雄,汝南汝阳,《三国志·魏书六·袁绍传附》
袁熙,显奕,,207.0,群雄,汝南汝阳,《三国志·魏书六·袁绍传附》
袁术,公路,,199.0,群雄,汝南汝阳,《三国志·魏书六·袁术传》
审配,正南,,204.0,群雄,魏郡阴安,《三国志·魏书六·袁绍传》
田丰,元皓,,200.0,群雄,钜鹿,《三国志·魏书六·袁绍传》
沮授,,,200.0,群雄,广平,《三国志·魏书六·袁绍传》
许攸,子远,,204.0,群雄,南阳,《三国志·魏书一·武帝纪》及裴注
马腾,寿成,,212.0,群雄,扶风茂陵,《三国志·魏书六·董卓传附》
韩遂,文约,,215.0,群雄,金城,《三国志·魏书六·董卓传附》
刘焉,君郎,,194.0,群雄,江夏竟陵,《三国志·蜀书一·刘二牧传》
刘璋,季玉,,,群雄,江夏竟陵,《三国志·蜀书一·刘二牧传》
张鲁,公祺,,,群雄,沛国丰县,《三国志·魏书八·张鲁传》
张角,,,184.0,群雄,钜鹿,《三国志·魏书一·武帝纪》等
张宝,,,184.0,群雄,钜鹿,《三国志》各纪传提及
张梁,,,184.0,群雄,钜鹿,《三国志》各纪传提及
孟获,,,,其他,南中,《三国志·蜀书十三》裴注引《汉晋春秋》
士燮,威彦,137.0,226.0,群雄,苍梧广信,《三国志·吴书四·士燮传》
士徽,,,226.0,群雄,苍梧广信,《三国志·吴书四·士燮传附》
董承,,,200.0,其他,洛阳,《三国志·魏书一·武帝纪》
伏皇后,,,214.0,其他,琅邪东武,《三国志·魏书一·武帝纪》
貂蝉,,,,其他,,
刘备,玄德,161.0,223.0,蜀,涿郡涿县,《三国志·蜀书二·先主传》
刘禅,公嗣,207.0,271.0,蜀,涿郡涿县,《三国志·蜀书三·后主传》
诸葛亮,孔明,181.0,234.0,蜀,琅邪阳都,《三国志·蜀书五·诸葛亮传》
诸葛瞻,思远,227.0,263.0,蜀,琅邪阳都,《三国志·蜀书五·诸葛亮传附》
关羽,云长,,220.0,蜀,河东解县,《三国志·蜀书六·关羽传》
张飞,益德,,221.0,蜀,涿郡,《三国志·蜀书六·张飞传》
赵云,子龙,,229.0,蜀,常山真定,《三国志·蜀书六·赵云传》
马超,孟起,176.0,222.0,蜀,扶风茂陵,《三国志·蜀书六·马超传》
黄忠,汉升,,220.0,蜀,南阳,《三国志·蜀书六·黄忠传》
庞统,士元,179.0,214.0,蜀,襄阳,《三国志·蜀书七·庞统传》
法正,孝直,176.0,220.0,蜀,扶风郿县,《三国志·蜀书七·法正传》
许靖,文休,,222.0,蜀,汝南平舆,《三国志·蜀书八·许靖传》
麋竺,子仲,,,蜀,东海朐县,《三国志·蜀书八·麋竺传》
孙乾,公祐,,,蜀,北海,《三国志·蜀书八·孙乾传》
简雍,宪和,,,蜀,涿郡,《三国志·蜀书八·简雍传》
伊籍,机伯,,,蜀,山阳,《三国志·蜀书八·伊籍传》
秦宓,子敕,,,蜀,广汉绵竹,《三国志·蜀书八·秦宓传》
董和,幼宰,,,蜀,南郡枝江,《三国志·蜀书九·董和传》
刘巴,子初,,,蜀,零陵烝阳,《三国志·蜀书九·刘巴传》
马良,季常,187.0,222.0,蜀,襄阳宜城,《三国志·蜀书九·马良传》
马谡,幼常,190.0,228.0,蜀,襄阳宜城,《三国志·蜀书九·马谡传》
陈震,孝起,,,蜀,南阳,《三国志·蜀书九·陈震传》
董允,休昭,,246.0,蜀,南郡枝江,《三国志·蜀书九·董允传》
吕乂,季阳,,,蜀,南阳,《三国志·蜀书九·吕乂传》
刘封,,,220.0,蜀,本罗侯寇氏,《三国志·蜀书十·刘封传》
彭羕,永年,,,蜀,广汉,《三国志·蜀书十·彭羕传》
廖立,公渊,,,蜀,武陵临沅,《三国志·蜀书十·廖立传》
李严,正方,,234.0,蜀,南阳,《三国志·蜀书十·李严传》
刘琰,威硕,,,蜀,鲁国,《三国志·蜀书十·刘琰传》
魏延,文长,,234.0,蜀,义阳,《三国志·蜀书十·魏延传》
杨仪,威公,,235.0,蜀,襄阳,《三国志·蜀书十·杨仪传》
霍峻,仲邈,,,蜀,南郡枝江,《三国志·蜀书十一·霍王向张杨费传》
王连,文仪,,,蜀,南阳,《三国志·蜀书十一·霍王向张杨费传》
向朗,巨达,,,蜀,襄阳宜城,《三国志·蜀书十一·霍王向张杨费传》
张裔,君嗣,,,蜀,蜀郡成都,《三国志·蜀书十一·霍王向张杨费传》
杨洪,季休,,,蜀,犍为武阳,《三国志·蜀书十一·霍王向张杨费传》
费诗,公举,,,蜀,犍为南安,《三国志·蜀书十一·霍王向张杨费传》
杜微,国辅,,,蜀,梓潼涪县,《三国志·蜀书十二·杜微传》
周群,仲直,,,蜀,巴西阆中,《三国志·蜀书十二·周群传》
谯周,允南,201.0,270.0,蜀,巴西西充,《三国志·蜀书十二·谯周传》
郤正,令先,,,蜀,河南偃师,《三国志·蜀书十二·郤正传》
黄权,公衡,,,蜀,巴西阆中,《三国志·蜀书十三·黄李吕马王张传》
李恢,德昂,,,蜀,建宁俞元,《三国志·蜀书十三·黄李吕马王张传》
吕凯,季平,,,蜀,永昌不韦,《三国志·蜀书十三·黄李吕马王张传》
马忠,德信,,,蜀,巴西阆中,《三国志·蜀书十三·黄李吕马王张传》
王平,子均,,248.0,蜀,巴西宕渠,《三国志·蜀书十三·黄李吕马王张传》
张翼,伯恭,,264.0,蜀,犍为武阳,《三国志·蜀书十五·邓张宗杨传》
蒋琬,公琰,,246.0,蜀,零陵湘乡,《三国志·蜀书十四·蒋琬传》
费祎,文伟,,253.0,蜀,江夏鄳县,《三国志·蜀书十四·费祎传》
姜维,伯约,202.0,264.0,蜀,天水冀县,《三国志·蜀书十四·姜维传》
邓芝,伯苗,,,蜀,义阳新野,《三国志·蜀书十五·邓张宗杨传》
宗预,德艳,,,蜀,南阳安众,《三国志·蜀书十五·邓张宗杨传》
杨戏,文然,,,蜀,犍为武阳,《三国志·蜀书十五·邓张宗杨传》
孟光,孝裕,,,蜀,河南洛阳,《三国志·蜀书十二·孟光传》
来敏,敬达,,,蜀,义阳新野,《三国志·蜀书十二·来敏传》
尹默,思潜,,,蜀,梓潼涪县,《三国志·蜀书十二·尹默传》
关平,,,220.0,蜀,河东解县,《三国志·蜀书六·关羽传》
关兴,安国,,,蜀,河东解县,《三国志·蜀书六·关羽传附》
张苞,,,,蜀,涿郡,《三国志·蜀书六·张飞传附》
诸葛尚,,,263.0,蜀,琅邪阳都,《三国志·蜀书五》附
马岱,,,,蜀,扶风茂陵,《三国志·蜀书六》附
霍弋,绍先,,,蜀,南郡枝江,《三国志·蜀书十三》附
罗宪,令则,,,蜀,襄阳,《三国志》裴注引《襄阳记》
孙坚,文台,155.0,192.0,吴,吴郡富春,《三国志·吴书一·孙坚传》
孙策,伯符,175.0,200.0,吴,吴郡富春,《三国志·吴书一·孙策传》
孙权,仲谋,182.0,252.0,吴,吴郡富春,《三国志·吴书二·吴主传》
孙亮,子明,243.0,260.0,吴,吴郡富春,《三国志·吴书三·三嗣主传》
孙休,子烈,235.0,264.0,吴,吴郡富春,《三国志·吴书三·三嗣主传》
孙皓,元宗,242.0,284.0,吴,吴郡富春,《三国志·吴书三·三嗣主传》
孙登,子高,209.0,241.0,吴,吴郡富春,《三国志·吴书十四·吴主五子传》
孙和,子孝,224.0,253.0,吴,吴郡富春,《三国志·吴书十四·吴主五子传》
太史慈,子义,166.0,206.0,吴,东莱黄县,《三国志·吴书四·太史慈传》
刘繇,正礼,,197.0,吴,东莱牟平,《三国志·吴书四·刘繇传》
张昭,子布,156.0,236.0,吴,彭城,《三国志·吴书七·张昭传》
张纮,子纲,,211.0,吴,广陵,《三国志·吴书八·张纮传》
顾雍,元叹,168.0,243.0,吴,吴郡吴县,《三国志·吴书七·顾雍传》
诸葛瑾,子瑜,174.0,241.0,吴,琅邪阳都,《三国志·吴书七·诸葛瑾传》
步骘,子山,,247.0,吴,临淮淮阴,《三国志·吴书七·步骘传》
严畯,曼才,,,吴,彭城,《三国志·吴书八·严畯传》
程秉,德枢,,,吴,汝南南顿,《三国志·吴书八·程秉传》
阚泽,德润,,,吴,会稽山阴,《三国志·吴书八·阚泽传》
薛综,敬文,,,吴,沛郡竹邑,《三国志·吴书八·薛综传》
周瑜,公瑾,175.0,210.0,吴,庐江舒县,《三国志·吴书九·周瑜传》
鲁肃,子敬,172.0,217.0,吴,临淮东城,《三国志·吴书九·鲁肃传》
吕蒙,子明,178.0,220.0,吴,汝南富陂,《三国志·吴书九·吕蒙传》
程普,德谋,,,吴,右北平土垠,《三国志·吴书十·程普传》
黄盖,公覆,,,吴,零陵泉陵,《三国志·吴书十·黄盖传》
韩当,义公,,,吴,辽西令支,《三国志·吴书十·韩当传》
蒋钦,公奕,,,吴,九江寿春,《三国志·吴书十·蒋钦传》
周泰,幼平,,,吴,九江下蔡,《三国志·吴书十·周泰传》
陈武,子烈,,215.0,吴,庐江松滋,《三国志·吴书十·陈武传》
董袭,元世,,,吴,会稽余姚,《三国志·吴书十·董袭传》
甘宁,兴霸,,,吴,巴郡临江,《三国志·吴书十·甘宁传》
凌统,公绩,189.0,,吴,吴郡余杭,《三国志·吴书十·凌统传》
徐盛,文向,,,吴,琅邪莒县,《三国志·吴书十·徐盛传》
潘璋,文珪,,,吴,东郡发干,《三国志·吴书十·潘璋传》
丁奉,承渊,,271.0,吴,庐江安丰,《三国志·吴书十·丁奉传》
朱然,义封,182.0,249.0,吴,丹阳故鄣,《三国志·吴书十一·朱然传》
朱桓,休穆,177.0,238.0,吴,吴郡吴县,《三国志·吴书十一·朱桓传》
吕范,子衡,,228.0,吴,汝南细阳,《三国志·吴书十一·吕范传》
朱治,君理,,,吴,丹阳故鄣,《三国志·吴书十一·朱治传》
朱据,子范,,,吴,吴郡吴县,《三国志·吴书十二·朱据传》
全琮,子璜,,,吴,吴郡钱唐,《三国志·吴书十五·全琮传》
吕岱,定公,161.0,256.0,吴,广陵海陵,《三国志·吴书十五·吕岱传》
周鲂,子鱼,,,吴,吴郡阳羡,《三国志·吴书十五·周鲂传》
钟离牧,子干,,,吴,会稽山阴,《三国志·吴书十五·钟离牧传》
陆逊,伯言,183.0,245.0,吴,吴郡吴县,《三国志·吴书十三·陆逊传》
陆抗,幼节,226.0,274.0,吴,吴郡吴县,《三国志·吴书十三·陆逊传附》
陆绩,公纪,187.0,219.0,吴,吴郡吴县,《三国志·吴书十二·陆绩传》
虞翻,仲翔,164.0,233.0,吴,会稽余姚,《三国志·吴书十二·虞翻传》
张温,惠恕,,,吴,吴郡吴县,《三国志·吴书十二·张温传》
骆统,公绪,,,吴,会稽乌伤,《三国志·吴书十二·骆统传》
陆瑁,子璋,,,吴,吴郡吴县,《三国志·吴书十二·陆瑁传》
吾粲,孔休,,,吴,吴郡乌程,《三国志·吴书十二·吾粲传》
潘濬,承明,,,吴,武陵汉寿,《三国志·吴书十六·潘濬传》
陆凯,敬风,,,吴,吴郡吴县,《三国志·吴书十六·陆凯传》
是仪,子羽,,,吴,北海营陵,《三国志·吴书十七·是仪传》
胡综,伟则,,,吴,汝南固始,《三国志·吴书十七·胡综传》
吴范,文则,,,吴,会稽上虞,《三国志·吴书十八·吴范传》
诸葛恪,元逊,203.0,253.0,吴,琅邪阳都,《三国志·吴书十九·诸葛恪传》
滕胤,承嗣,,256.0,吴,北海剧县,《三国志·吴书十九·滕胤传》
孙峻,子远,219.0,256.0,吴,吴郡富春,《三国志·吴书十九·孙峻传》
孙綝,子通,231.0,258.0,吴,吴郡富春,《三国志·吴书十九·孙綝传》
濮阳兴,子元,,264.0,吴,陈留,《三国志·吴书二十·濮阳兴传》
孙翊,叔弼,,204.0,吴,吴郡富春,《三国志·吴书六·宗室传》
孙桓,叔武,,,吴,吴郡富春,《三国志·吴书六·宗室传》
孙韶,公礼,,,吴,吴郡富春,《三国志·吴书六·宗室传》
孙皎,叔朗,,,吴,吴郡富春,《三国志·吴书六·宗室传》
孙奂,季明,,,吴,吴郡富春,《三国志·吴书六·宗室传》
吕据,,,257.0,吴,汝南细阳,《三国志·吴书十九》附
王蕃,永元,,,吴,庐江,《三国志·吴书二十·王蕃传》
楼玄,,,,吴,沛郡蕲县,《三国志·吴书二十·楼玄传》
贺邵,兴伯,,,吴,会稽山阴,《三国志·吴书二十·贺邵传》
韦昭,弘嗣,204.0,273.0,吴,吴郡云阳,《三国志·吴书二十·韦曜传》
华覈,永先,,,吴,吴郡武进,《三国志·吴书二十·华覈传》
羊祜,叔子,221.0,278.0,其他,泰山南城,《晋书·羊祜传》（《三国志》无传）
杜预,元凯,222.0,285.0,其他,京兆杜陵,《晋书·杜预传》
王濬,士治,206.0,286.0,其他,弘农湖县,《晋书·王濬传》
皇甫嵩,义真,134.0,194.0,其他,安定朝那,《后汉书·皇甫嵩传》（《三国志》仅及讨黄巾事）
卢植,子干,,,其他,涿郡涿县,《后汉书·卢植传》
朱儁,公伟,145.0,195.0,其他,会稽上虞,《后汉书·朱儁传》
孔融,文举,153.0,208.0,其他,鲁国,《后汉书·孔融列传》（《三国志》崔琰传附提及）
郑玄,康成,127.0,200.0,其他,北海高密,《后汉书·郑玄传》
边让,文礼,,193.0,其他,陈留浚仪,《后汉书·文苑列传》
盖勋,元固,148.0,189.0,其他,敦煌广至,《后汉书·盖勋传》
傅燮,南容,,187.0,其他,北地灵州,《后汉书·傅燮传》
桥玄,公祖,110.0,184.0,其他,梁国睢阳,《后汉书·桥玄传》
何颙,伯求,,,其他,南阳襄乡,《后汉书·党锢列传》
王匡,公节,,,其他,泰山,《后汉书·袁绍传》及《三国志》裴注
桥瑁,元伟,,190.0,其他,梁国睢阳,《后汉书·袁绍传》
袁遗,伯业,,,其他,汝南汝阳,《后汉书·袁绍传》
孔伷,公绪,,190.0,其他,陈留,《三国志·武帝纪》裴注引《英雄记》
胡轸,文才,,,群雄,凉州,《三国志·孙坚传》裴注引《英雄记》等
李儒,,,,群雄,司隶,《后汉书·皇后纪》《三国志》裴注
牛辅,,,192.0,群雄,陇西,《三国志·董卓传》
董旻,叔颖,,192.0,群雄,陇西临洮,《三国志·董卓传》
段煨,忠明,,,群雄,武威,《三国志·董卓传》及裴注
郝萌,,,196.0,群雄,河内,《三国志·吕布传》
曹性,,,,群雄,并州,《三国志·吕布传》裴注引《英雄记》
宋宪,,,199.0,群雄,并州,《三国志·吕布传》
魏续,,,,群雄,并州,《三国志·吕布传》
侯成,,,,群雄,并州,《三国志·吕布传》
郭图,公则,,205.0,群雄,颍川,《后汉书·袁绍传》
逢纪,元图,,202.0,群雄,南阳,《后汉书·袁绍传》
辛评,仲治,,,群雄,颍川阳翟,《后汉书·袁绍传》
高干,元才,,206.0,群雄,陈留圉县,《三国志·武帝纪》
颜良,,,200.0,群雄,安平堂阳,《三国志·武帝纪》《关羽传》
文丑,,,200.0,群雄,安平堂阳,《三国志·武帝纪》
淳于琼,仲简,,200.0,群雄,颍川,《三国志·武帝纪》及裴注
麴义,,,,群雄,凉州西平,《后汉书·袁绍传》及裴注
纪灵,,,,群雄,扬州,《三国志·吕布传》
张勋,,,,群雄,扬州,《后汉书·袁术传》
阎象,,,,群雄,扬州,《后汉书·袁术传》及裴注引《魏书》
杨弘,,,,群雄,扬州,《后汉书·袁术传》
蒯良,子柔,,,群雄,南郡中庐,《三国志·刘表传》及裴注引《傅子》
蒯越,异度,,,群雄,南郡中庐,《三国志·刘表传》及裴注引《傅子》《汉晋春秋》
蔡瑁,德珪,,,群雄,襄阳,《三国志·刘表传》及裴注
韩嵩,德高,,,群雄,义阳,《后汉书·刘表传》
严颜,,,,蜀,巴郡临江,《三国志·张飞传》
张任,,,213.0,群雄,蜀郡,《三国志·先主传》裴注引《益部耆旧杂记》等
郑度,,,,群雄,益州,《三国志·法正传》裴注引《华阳国志》
阎圃,,,,魏,巴郡巴西,《三国志·张鲁传》
关靖,士起,,199.0,群雄,太原,《后汉书·公孙瓒传》
田楷,,,199.0,群雄,司隶,《三国志·公孙瓒传》
笮融,,,195.0,群雄,丹阳,《后汉书·陶谦传》
赵昱,元达,,193.0,其他,琅邪,《后汉书·陶谦传》
许贡,,,200.0,群雄,吴郡,《三国志·孙策传》
祖郎,,,,群雄,丹阳泾县,《三国志·孙策传》
严白虎,,,,群雄,吴郡乌程,《三国志·孙策传》及裴注引《吴录》
蹋顿,,,207.0,其他,辽西,《三国志·武帝纪》《张辽传》
轲比能,,,233.0,其他,漠南鲜卑,《三国志·魏书三十·乌桓鲜卑东夷传》
步度根,,,,其他,并州北鲜卑,《三国志·魏书三十》
于夫罗,,,,其他,南匈奴,《后汉书·南匈奴传》及《三国志》纪传
呼厨泉,,,,其他,南匈奴,《后汉书·南匈奴传》
杨千万,,,,其他,兴国氐,《三国志·武帝纪》《夏侯渊传》
成公英,,,,其他,凉州金城,《三国志》裴注引《魏略》
公孙康,,,,群雄,辽东襄平,《三国志·公孙度传附》
公孙恭,,,,群雄,辽东襄平,《三国志·公孙度传附》
卑弥呼,,,,其他,倭国,《三国志·魏书三十·东夷传》
难升米,,,,其他,倭国,《三国志·魏书三十·东夷传》
都市牛利,,,,其他,倭国,《三国志·魏书三十·东夷传》
台与,,,,其他,倭国,《三国志·魏书三十·东夷传》
位宫,,,,其他,高句丽,《三国志·魏书三十·东夷传》
张嶷,伯岐,,254.0,蜀,巴郡南充国,《三国志·蜀书十三·黄李吕马王张传》
李傕,稚然,,198.0,群雄,北地,《三国志·魏书六·董卓传》及《后汉书·董卓传》
郭汜,,,197.0,群雄,张掖,《三国志·魏书六·董卓传》及《后汉书·董卓传》
樊稠,,,195.0,群雄,凉州,《三国志·魏书六·董卓传》及《后汉书·董卓传》
张济,,,196.0,群雄,武威,《三国志·魏书六·董卓传》及《后汉书·董卓传》
李蒙,,,,群雄,凉州,《后汉书·董卓传》
杨定,整修,,,群雄,凉州,《后汉书·董卓传》
杨奉,,,197.0,群雄,河东白波,《三国志·蜀书二·先主传》及《后汉书·献帝纪》
韩暹,,,197.0,群雄,河东白波,《三国志·蜀书二·先主传》及《后汉书·献帝纪》
胡才,,,,群雄,河东白波,《后汉书·献帝纪》
李乐,,,,群雄,河东白波,《后汉书·献帝纪》
韩玄,,,,群雄,荆州长沙,《三国志·蜀书二·先主传》
金旋,元机,,,群雄,京兆,《三国志·蜀书二·先主传》
赵范,,,,群雄,荆州桂阳,《三国志·蜀书二·先主传》
刘度,,,,群雄,荆州零陵,《三国志·蜀书二·先主传》
刘勋,子台,,,群雄,琅邪,《三国志·吴书一·孙策传》及裴注引《江表传》
桥蕤,,,197.0,群雄,梁国,《三国志·魏书一·武帝纪》
樊能,,,,群雄,扬州,《三国志·吴书一·孙策传》裴注引《江表传》
于糜,,,,群雄,扬州,《三国志·吴书一·孙策传》裴注引《江表传》
种辑,,,200.0,其他,洛阳,《三国志·魏书一·武帝纪》
王服,子服,,200.0,其他,司隶,《三国志·魏书一·武帝纪》
马日磾,翁叔,,194.0,其他,扶风茂陵,《后汉书·袁术传》
赵岐,邠卿,,,其他,京兆长陵,《后汉书·赵岐传》
伏完,,,209.0,其他,琅邪东武,《后汉书·皇后纪》
徐荣,,,192.0,群雄,玄菟,《三国志·魏书一·武帝纪》及《后汉书·董卓传》
冯习,休元,,222.0,蜀,南郡,《三国志·吴书十三·陆逊传》（又见《蜀书十五》杨戏季汉辅臣赞）
张南,,,222.0,蜀,荆州,《三国志·吴书十三·陆逊传》
傅肜,,,222.0,蜀,义阳,《三国志·蜀书二·先主传》
曹昂,子修,,197.0,魏,沛国谯县,《三国志·魏书二十·丰愍王传》
曹冲,仓舒,196.0,208.0,魏,沛国谯县,《三国志·魏书二十·邓哀王传》
曹彪,朱虎,,251.0,魏,沛国谯县,《三国志·魏书二十·楚王传》
曹衮,,,236.0,魏,沛国谯县,《三国志·魏书二十·中山恭王传》
曹宇,彭祖,,,魏,沛国谯县,《三国志·魏书二十·燕王传》
曹林,,,,魏,沛国谯县,《三国志·魏书二十·沛王传》
曹峻,子安,,,魏,沛国谯县,《三国志·魏书二十·陈留王传》
刘放,子弃,,,魏,涿郡,《三国志·魏书十四·刘放传》
孙资,彦龙,,,魏,太原,《三国志·魏书十四·刘放传附》
王基,伯舆,190.0,261.0,魏,东莱曲城,《三国志·魏书二十七·王基传》
王昶,文舒,,,魏,太原晋阳,《三国志·魏书二十七·王昶传》
徐邈,景山,172.0,249.0,魏,燕国蓟县,《三国志·魏书二十七·徐邈传》
胡质,文德,,250.0,魏,寿春,《三国志·魏书二十七·胡质传》
王观,伟台,,,魏,东郡廪丘,《三国志·魏书二十四·王观传》
郝昭,伯道,,,魏,太原,《三国志·明帝纪》裴注引《魏略》
王双,,,228.0,魏,并州,《三国志·诸葛亮传》及《曹真传》
文鸯,次骞,238.0,291.0,魏,谯郡,《三国志·魏书二十八·文钦传附》及《晋书》
文虎,,,291.0,魏,谯郡,《三国志·魏书二十八·文钦传附》
卫瓘,伯玉,220.0,291.0,其他,河东安邑,《晋书·卫瓘传》
贾充,公闾,217.0,282.0,其他,平阳襄陵,《晋书·贾充传》
张华,茂先,232.0,300.0,其他,范阳方城,《晋书·张华传》
成济,,,260.0,其他,司隶,《三国志·三少帝纪》及《晋书》
甄皇后,,,221.0,魏,中山无极,《三国志·魏书五·后妃传》
郭皇后,女王,,,魏,安平广宗,《三国志·魏书五·后妃传》
毛皇后,,,,魏,河内,《三国志·魏书五·后妃传》
孙静,幼台,,,吴,吴郡富春,《三国志·吴书六·宗室传》
孙瑜,仲异,,,吴,吴郡富春,《三国志·吴书六·宗室传》
孙贲,伯阳,,,吴,吴郡富春,《三国志·吴书六·宗室传》
孙辅,国仪,,,吴,吴郡富春,《三国志·吴书六·宗室传》
步夫人,练师,,238.0,吴,临淮淮阴,《三国志·吴书五·妃嫔传》
潘皇后,,,252.0,吴,会稽句章,《三国志·吴书五·妃嫔传》
孙鲁班,大虎,,,吴,吴郡富春,《三国志·吴书五·妃嫔传》
孙鲁育,小虎,,255.0,吴,吴郡富春,《三国志·吴书五·妃嫔传》
孙夫人,,,,蜀,吴郡富春,《三国志·蜀书法正传》
吴皇后,,,,蜀,陈留,《三国志·蜀书四·二主妃子传》
糜芳,子方,,,吴,东海朐县,《三国志·吴书十二·虞翻传》及《蜀书六》附
傅士仁,君义,,,吴,幽州,《三国志·吴书九·吕蒙传》
廖化,元俭,,264.0,蜀,襄阳,《三国志·蜀书十五·宗预传附》
陈祗,奉宗,,258.0,蜀,汝南,《三国志·蜀书十五》附
董厥,龚袭,,,蜀,义阳,《三国志·蜀书十五》附
樊建,长元,,,蜀,义阳,《三国志·蜀书十五》附
杜琼,伯瑜,,,蜀,蜀郡成都,《三国志·蜀书十二·杜琼传》
胡潜,公兴,,,蜀,魏郡,《三国志·蜀书十二》附
程畿,季然,,222.0,蜀,巴西阆中,《蜀书十五》季汉辅臣赞及裴注引《华阳国志》
杨颙,子昭,,,蜀,襄阳,《蜀书五·诸葛亮传》裴注引《襄阳记》
诸葛乔,伯松,204.0,228.0,蜀,琅邪阳都,《蜀书五·诸葛亮传附》
陈式,,,,蜀,荆州,《蜀书五·诸葛亮传》
吴班,元雄,,,蜀,陈留,《蜀书二·先主传》等
赵广,,,263.0,蜀,常山真定,《蜀书六·赵云传附》
张遵,,,263.0,蜀,涿郡,《蜀书六·张飞传附》
黄崇,,,263.0,蜀,巴西阆中,《蜀书十三·黄权传附》
李球,,,263.0,蜀,建宁俞元,《蜀书十三·李恢传附》
蒋舒,,,263.0,蜀,荆州,《蜀书十四·姜维传》及《晋书》
傅佥,,,263.0,蜀,义阳,《蜀书二·先主传》附（傅肜子）
蒋斌,,,263.0,蜀,零陵湘乡,《蜀书十四·蒋琬传附》
关统,,,,蜀,河东解县,《蜀书六·关羽传附》
诸葛融,叔长,,,吴,琅邪阳都,《吴书十九·诸葛恪传附》
朱异,季文,,257.0,吴,丹阳故鄣,《吴书十九·诸葛恪传附》
施绩,公绪,,,吴,丹阳故鄣,《吴书十一·朱然传附》
全尚,子真,,258.0,吴,吴郡钱唐,《吴书三·三嗣主纪》
全纪,,,258.0,吴,吴郡钱唐,《吴书三·三嗣主纪》
张悌,巨先,,280.0,吴,襄阳,《晋书》及《三国志》裴注引《襄阳记》
岑昏,,,280.0,吴,南阳,《吴书三·三嗣主纪》及《晋书》
陈蕃,仲举,,168.0,其他,汝南平舆,《后汉书·陈蕃传》
窦武,游平,,168.0,其他,扶风平陵,《后汉书·窦武传》
郭泰,林宗,128.0,169.0,其他,太原介休,《后汉书·郭泰传》
荀爽,慈明,128.0,190.0,其他,颍川颍阴,《后汉书·荀爽传》
黄琬,子琰,,192.0,其他,江夏安陆,《后汉书·黄琼传附》
刘宠,,,197.0,其他,陈县,《后汉书·陈王宠传》
张咨,子议,,190.0,其他,颍川,《三国志·孙坚传》及裴注
王睿,通耀,,190.0,其他,荆州,《三国志·孙坚传》及裴注
赵韪,,,,群雄,巴西,《蜀书一·刘二牧传》
庞羲,仲汉,,,群雄,河南洛阳,《蜀书一》及《华阳国志》
严纲,,,191.0,群雄,凉州,《后汉书·公孙瓒传》
公孙越,,,191.0,群雄,辽西令支,《三国志·公孙瓒传》
薛兰,,,195.0,群雄,兖州,《三国志·武帝纪》
李封,,,195.0,群雄,兖州,《三国志·武帝纪》
李乾,,,,群雄,山阳钜野,《魏书十八·李典传》
卫兹,子许,,190.0,其他,陈留襄邑,《武帝纪》裴注引《世语》
张牛角,,,,群雄,博陵,《魏书八·张燕传》
于毒,,,,群雄,黑山,《武帝纪》及《后汉书》
白绕,,,,群雄,黑山,《武帝纪》
管亥,,,,群雄,青州,《吴书四·太史慈传》
刘辟,,,,群雄,汝南,《武帝纪》《先主传》
龚都,,,,群雄,汝南,《武帝纪》
何仪,,,,群雄,汝南,《武帝纪》
何曼,,,197.0,群雄,汝南,《武帝纪》
黄邵,,,197.0,群雄,汝南,《武帝纪》
郭太,,,,群雄,西河,《后汉书·献帝纪》
眭固,白兔,,199.0,群雄,司隶,《武帝纪》
杨凤,,,,群雄,黑山,《三国志·张燕传》裴注引《九州春秋》
黄龙,,,,群雄,黑山,裴注引《九州春秋》及《后汉书·朱儁传》
左校,,,,群雄,黑山,裴注引《九州春秋》、张璠《汉纪》及《后汉书·朱儁传》
郭大贤,,,,群雄,黑山,裴注引张璠《汉纪》及《后汉书·朱儁传》
左髭丈八,,,,群雄,黑山,裴注引张璠《汉纪》及《英雄记》
于氐根,,,,群雄,黑山,裴注引《典略》（《后汉书》作于氐根，《九州春秋》作羝根）
青牛角,,,,群雄,黑山,《后汉书·朱儁传》
张白骑,,,,群雄,黑山,裴注引《典略》及《三国志·庞德传》
刘石,,,,群雄,黑山,《后汉书·朱儁传》及裴注引《英雄记》
平汉,,,,群雄,黑山,《后汉书·朱儁传》（《九州春秋》同）
大计,,,,群雄,黑山,《后汉书·朱儁传》（《九州春秋》作大洪）
司隶,,,,群雄,黑山,《后汉书·朱儁传》及裴注引《九州春秋》
缘城,,,,群雄,黑山,裴注引《九州春秋》（《后汉书》作掾哉）
雷公,,,,群雄,黑山,裴注引《典略》及《后汉书·朱儁传》
浮云,,,,群雄,黑山,《后汉书·朱儁传》及裴注引《九州春秋》
白雀,,,,群雄,黑山,《后汉书·朱儁传》（《九州春秋》作白爵）
五鹿,,,,群雄,黑山,《后汉书·朱儁传》及裴注引《九州春秋》
苦唒,,,,群雄,黑山,《后汉书·朱儁传》（《九州春秋》作苦蝤）
罗市,,,,群雄,黑山,裴注引《九州春秋》
孙轻,,,,群雄,黑山,《三国志·魏书八·张燕传》
王当,,,,群雄,黑山,《三国志·魏书八·张燕传》
杜长,,,,群雄,黑山,《三国志·魏书八·张燕传》
壶寿,,,,群雄,司隶,《三国志·袁绍传》裴注引《英雄记》
