年份,事件,类型(war/pol/dip/oth),主导方,地点,概述,依据
184,黄巾起义,oth,张角,冀州等地,张角以太平道起义，天下响应，京师震动。,《后汉书·皇甫嵩传》；《三国志》各纪传
184,长社之战,war,东汉·皇甫嵩,颍川长社,皇甫嵩火攻破波才黄巾。,《三国志·武帝纪》裴注
184,广宗之战,war,东汉·皇甫嵩,钜鹿广宗,皇甫嵩破张梁，张角已病死。,同上
185,凉州之乱,oth,韩遂·边章,金城、陇西,凉州群盗并起，韩遂、边章据凉州，乱至数十年。,《三国志·董卓传附》
188,西园八校尉,pol,汉灵帝,洛阳,置西园八校尉，蹇硕为上军校尉，袁绍、曹操并在列。,《三国志·武帝纪》
189,灵帝崩·何进诛宦,pol,何进,洛阳,灵帝崩，何进谋诛宦官，反为所杀，京师大乱。,《三国志·董卓传》
189,董卓入京·废立,pol,董卓,洛阳,董卓率兵入京，废少帝立献帝，自为相国。,《三国志·董卓传》
190,关东联军讨董卓,war,袁绍等,酸枣,关东州郡起兵讨董卓，推袁绍为盟主，曹操、孙坚等参与。,《三国志·武帝纪》《孙坚传》
191,界桥之战,war,袁绍,冀州界桥,袁绍破公孙瓒于界桥，瓒锐卒白马义从大损。,《三国志·袁绍传》
191,阳人之战·斩华雄,war,孙坚,梁县阳人聚,孙坚破董卓军，枭其都督华雄。,《三国志·孙坚传》
191,董卓迁都长安,pol,董卓,长安,焚洛阳宫室，挟献帝迁都长安。,《三国志·董卓传》
192,王允吕布诛董卓,pol,王允·吕布,长安,吕布以矛刺卓，暴尸于市。,《三国志·董卓传》
192,李傕郭汜陷长安,war,李傕·郭汜,长安,傕、汜以替卓报仇为名攻破长安，杀王允。,《三国志·董卓传》
192,青州兵归曹操,pol,曹操,兖州,青州黄巾百万入兖州，曹操受降编为青州兵。,《三国志·武帝纪》
193,曹操征陶谦,war,曹操,徐州,为父仇攻徐州，所过多所残戮。,《三国志·武帝纪》
194,曹操攻濮阳,war,曹操·吕布,兖州濮阳,吕布乘虚据兖州，曹操围濮阳，败而复战。,《三国志·武帝纪》
195,曹操复定兖州,war,曹操,兖州,破吕布于巨野，定兖州；吕布东奔刘备。,《三国志·武帝纪》
195,孙策渡江,war,孙策,扬州,孙策以兵数千渡江击刘繇，奠定江东基业。,《三国志·孙策传》
196,曹操迎献帝都许,pol,曹操,许县,操至洛阳奉迎天子，迁都许昌，操为大将军，秉政。,《三国志·武帝纪》
196,孙策平定江东,pol,孙策,吴会,孙策定吴郡、会稽，自领会稽太守。,《三国志·孙策传》
197,宛城之战,war,张绣·曹操,宛城,张绣降而复叛袭曹操，典韦、曹昂、曹安民死之。,《三国志·武帝纪》《典韦传》
197,袁术称帝,pol,袁术,寿春,术称帝号仲氏，置百官，天下共恶。,《三国志·袁术传》
198,下邳之战·吕布败亡,war,曹操,下邳,曹操围下邳，决泗、沂水灌城；布为左右缚降，被杀。,《三国志·吕布传》
199,易京之战·公孙瓒死,war,袁绍,易京,袁绍围易京经年，公孙瓒自焚死，幽州归绍。,《三国志·公孙瓒传》
200,衣带诏事发,pol,董承,许县,车骑将军董承等受密诏诛曹操，事泄皆诛。,《三国志·武帝纪》
200,刘备据徐州,war,刘备,徐州,备杀刺史车胄据徐州反曹；曹操东征，备败奔袁绍。,《三国志·先主传》
200,白马延津之战,war,曹操·袁绍,白马、延津,关羽斩颜良于白马；延津之战文丑授首。,《三国志·武帝纪》《关羽传》
200,官渡之战,war,曹操·袁绍,官渡,相持数月，许攸来投，曹操烧乌巢粮，绍军大溃。,《三国志·武帝纪》
200,孙策遇刺,oth,孙策,丹徒,策猎为许贡门客所创，旋卒，年二十六。,《三国志·孙策传》
202,博望坡之战,war,刘备·夏侯惇,博望,备烧屯伪遁，破惇于博望。,《三国志·先主传》
202,袁绍病卒,oth,袁绍,邺,官渡败后忧愤，建安七年呕血死。,《三国志·袁绍传》
203,袁谭袁尚相攻,war,袁谭·袁尚,邺,兄弟争嗣，谭攻尚于邺，不克；曹操乘乱而进。,《三国志·袁绍传附》
204,曹操围邺,war,曹操,邺,决漳水灌邺，审配固守；八月城破，配面北而死。,《三国志·武帝纪》
205,南皮之战·斩袁谭,war,曹操,南皮,曹操急攻南皮，谭败走被斩，冀州平。,《三国志·武帝纪》
206,壶关之战·并州平,war,曹操,壶关,围壶关，高干奔匈奴被杀，并州定。,《三国志·武帝纪》
207,白狼山之战,war,曹操,柳城白狼山,千里奔袭，张辽先锋阵斩蹋顿，胡汉二十万众降。,《三国志·武帝纪》《张辽传》
207,三顾茅庐,dip,刘备,隆中,刘备三访诸葛亮，亮陈《隆中对》。,《三国志·诸葛亮传》
208,曹操自为丞相,pol,曹操,许县,复置丞相，曹操自为之。,《三国志·武帝纪》
208,刘表卒·刘琮降,pol,刘琮,襄阳,刘表病卒，琮立；曹操军至新野，琮举州降。,《三国志·刘表传》
208,长坂之战,war,曹操·刘备,当阳长坂,曹精骑一日一夜追及，备弃妻子走，赵云救后主。,《三国志·先主传》《赵云传》
208,赤壁之战,war,孙刘联军·曹操,赤壁,黄盖火攻，曹军船舰尽焚，北军败归；三分之势始奠。,《三国志·武帝纪》《周瑜传》
208,孙权围合肥,war,孙权,合肥,孙权乘赤壁之胜攻合肥，月余不拔，退。,《三国志·吴主传》
209,周瑜取南郡,war,周瑜·曹仁,江陵,岁余攻防，曹仁弃江陵走，孙权以瑜为南郡太守。,《三国志·周瑜传》
209,孙刘联姻,dip,孙权·刘备,京口,权以妹妻备，加固联盟（《三国志》未明纪年，或作210）。,《三国志·先主传》
210,周瑜卒,oth,周瑜,巴丘,瑜还江陵治行，道病卒于巴丘，年三十六。,《三国志·周瑜传》
210,步骘定交州,pol,步骘,交州,步骘为交州刺史，斩吴巨，士燮兄弟归附。,《三国志·士燮传》
211,潼关之战,war,曹操·马超韩遂,潼关,曹操用贾诩离间计，大破关中十部联军。,《三国志·武帝纪》
211,刘备入蜀,pol,刘备,成都,刘璋遣法正迎备，备率众入蜀至葭萌。,《三国志·先主传》
212,刘备攻刘璋,war,刘备·刘璋,涪城,备与璋决裂，据涪城，进围雒城。,《三国志·先主传》
213,曹操称魏公,pol,曹操,邺,献帝册曹操为魏公，加九锡，建魏国社稷。,《三国志·武帝纪》
213,濡须之战,war,曹操·孙权,濡须,曹操攻濡须坞，相持月余，权以舟师逼观军，操叹「生子当如孙仲谋」。,《三国志·吴主传》
214,雒城之战·庞统卒,war,刘备·刘璋,雒城,备围雒城一年，庞统督众攻城中流矢卒，年三十六。,《三国志·庞统传》
214,刘备取成都·刘璋降,war,刘备,成都,马超至，围城数十日，刘璋开城出降，益州定。,《三国志·先主传》
214,伏皇后案,pol,曹操,许县,伏皇后密诏事发，后被幽死，皇子酖杀，灭族。,《三国志·武帝纪》
215,曹操平汉中,war,曹操·张鲁,汉中,曹军入武都，张鲁奔南山后降，操封鲁阆中侯。,《三国志·武帝纪》
215,合肥之战（逍遥津）,war,张辽·孙权,合肥,辽以八百破十万，权几不免，江南小儿夜啼，怖之以辽。,《三国志·张辽传》
215,湘水之盟,dip,孙权·刘备,湘江,权索荆州三郡，备至公安；以湘水为界，各罢兵。,《三国志·吴主传》
216,曹操进魏王,pol,曹操,邺,献帝册进魏王，设天子旌旗，礼绝百僚。,《三国志·武帝纪》
217,鲁肃卒,oth,鲁肃,巴丘,肃年四十六卒，权举哀，吕蒙代镇陆口。,《三国志·鲁肃传》
217,汉中之战·阳平关,war,刘备·曹操,阳平关,备进兵汉中，与曹军相持于阳平关。,《三国志·先主传》
218,曹彰破代郡乌桓,war,曹彰,代郡,彰北征，身搏战，大破乌桓，鲜卑请服。,《三国志·任城王传》
219,定军山之战,war,刘备·夏侯渊,定军山,老将黄忠推锋斩渊，曹军大败，操弃汉中。,《三国志·黄忠传》
219,刘备称汉中王,pol,刘备,沔阳,备表封汉中王，还治成都；以魏延镇汉中。,《三国志·先主传》
219,樊城之战·水淹七军,war,关羽·于禁庞德,樊城,汉水暴溢，七军尽没，禁降、德死，羽威震华夏，许都以南响应。,《三国志·关羽传》
219,吕蒙袭江陵,war,吕蒙·关羽,江陵,蒙白衣渡江，公安、江陵守将傅士仁、麋芳皆降。,《三国志·吕蒙传》
220,关羽败亡,war,孙权·关羽,麦城·临沮,羽西保麦城，突围西走，为潘璋司马马忠所获，与子平俱死。,《三国志·关羽传》
220,孟达降魏·失上庸,pol,孟达,上庸,达惧罪，率郡降魏，魏合东三郡为新城郡。,《三国志·刘封传》
220,曹操薨·曹丕嗣位,pol,曹丕,洛阳,魏王曹操卒于洛阳，世子丕嗣为丞相、魏王。,《三国志·武帝纪》
220,曹丕代汉·魏立,pol,曹丕,许昌→洛阳,献帝禅位，魏立，改元黄初；东汉亡。,《三国志·文帝纪》
221,刘备称帝·蜀汉立,pol,刘备,成都,备即皇帝位，国号汉，建元章武；以诸葛亮为丞相。,《三国志·先主传》
221,张飞遇害,oth,张飞,阆中,飞帐下范强、张达杀飞，持其首奔吴。,《三国志·张飞传》
221,刘备伐吴,war,刘备·孙权,巫峡,备亲率诸军东征，破吴将李异、刘阿于巫、秭归。,《三国志·先主传》
222,夷陵之战（猇亭）,war,陆逊·刘备,猇亭,逊坚壁不战七八月，火攻连营，破备四十余营，备仅以身免。,《三国志·陆逊传》
222,刘备退守白帝城,war,刘备,永安,备收败兵还鱼复，改永安，吴将徐盛等请追，逊止之。,《三国志·陆逊传》
222,曹丕三路伐吴,war,曹丕·孙权,洞口·江陵,魏三路攻吴，曹休破吕范于洞口，张辽等至江陵；疫疾作，诸军退。,《三国志·吴主传》
223,刘备崩于白帝城,pol,刘禅,永安,先主殂于永安宫，托孤诸葛亮、李严，后主禅位。,《三国志·先主传》
223,南中叛乱,oth,雍闿,益州郡,雍闿杀建宁太守正昂，执太守张裔送吴，牂柯、越巂皆叛。,《三国志·诸葛亮传》
224,曹丕伐吴,war,曹丕,广陵,文帝幸广陵，临江观兵，见吴严守，叹「天所以限南北」，退。,《三国志·文帝纪》
225,诸葛亮南征,war,诸葛亮·孟获,南中,亮五月渡泸，七纵七禽孟获，南中四郡皆平。,《三国志·诸葛亮传》
225,曹丕再伐广陵,war,曹丕,广陵,复临江，冰凌船不得入，焚舟而退。,《三国志·文帝纪》
226,曹丕崩·曹叡立,pol,曹叡,洛阳,文帝崩于嘉福殿，明帝即位，司马懿、曹真等辅政。,《三国志·明帝纪》
227,诸葛亮上《出师表》,pol,诸葛亮,汉中,建兴五年，亮率诸军北驻汉中，表请出师。,《三国志·诸葛亮传》
228,司马懿破孟达,war,司马懿·孟达,新城,达反覆，懿倍道攻新城，旬月拔之，斩达。,《三国志·明帝纪》
228,街亭之败,war,张郃·马谡,街亭,亮一出祁山，三郡响应；谡违节度，大败于街亭，亮还。,《三国志·诸葛亮传》
228,石亭之战,war,陆逊·曹休,石亭,周鲂断发诈降诱休，逊破休于石亭，休惭恚卒。,《三国志·陆逊传》
229,孙权称帝·吴立,pol,孙权,武昌,权即皇帝位于武昌，国号吴，旋迁都建业。,《三国志·吴主传》
229,诸葛亮取武都阴平,war,诸葛亮,武都·阴平,三出祁山，拔武都、阴平二郡，还师。,《三国志·诸葛亮传》
230,曹真伐蜀,war,曹真,斜谷,真以数道伐蜀，会大霖雨三十余日，栈道绝，诏班师。,《三国志·曹真传》
230,卫温浮海求夷洲,oth,卫温·诸葛直,夷洲,遣将军卫温、诸葛直浮海求夷洲、亶洲，得夷洲数千人而还。,《三国志·吴主传》
231,木门道之战,war,诸葛亮·张郃,祁山·木门,四出祁山，司马懿令郃追，至木门，与亮军战，飞矢中郃右膝卒。,《三国志·张郃传》
234,诸葛亮五出祁山,war,诸葛亮·司马懿,五丈原,亮出斜谷，据武功五丈原，与懿相持百余日，分兵屯田。,《三国志·诸葛亮传》
234,诸葛亮卒于五丈原,oth,诸葛亮,五丈原,亮疾病，卒于军中，年五十四；长史杨仪整军而退。,《三国志·诸葛亮传》
234,魏延之乱,war,魏延·杨仪,褒斜道,延烧绝栈道，与仪各表相叛；延败走，为马岱所斩。,《三国志·魏延传》
237,公孙渊称燕王,pol,公孙渊,襄平,渊自立为燕王，置百官，连结鲜卑。,《三国志·公孙渊传》
238,司马懿平辽东,war,司马懿·公孙渊,襄平,懿围襄平，流星坠城中，粮尽人相食，城破渊死。,《三国志·公孙渊传》
239,曹叡崩·曹芳立,pol,曹芳,洛阳,明帝崩，八岁曹芳立，曹爽、司马懿辅政。,《三国志·明帝纪》
241,吴攻芍陂,war,全琮·司马昭,芍陂,琮略淮南，决芍陂；昭督诸军破之。,《三国志·吴主传》
244,曹爽伐蜀·兴势之败,war,曹爽·王平,兴势,爽发十余万众入骆谷，王平据兴势拒之，爽引还。,《三国志·曹爽传》
246,蒋琬卒,oth,蒋琬,涪县,琬卒，费祎代，董允为尚书令。,《三国志·蒋琬传》
248,曹爽专权,pol,曹爽,洛阳,晏、飏等用事，司马懿称疾不与政。,《三国志·曹爽传》
249,高平陵之变,pol,司马懿,洛阳,懿乘爽陪陵起兵，据洛水，桓范劝爽挟帝赴许，爽罢兵认罪；旋以谋反诛三族。,《三国志·曹爽传》
249,夏侯霸奔蜀,dip,夏侯霸,汉中,霸闻爽诛，惧祸奔蜀，后主厚待之。,《三国志·夏侯渊传附》
251,王凌之叛,war,司马懿·王凌,寿春,凌谋立楚王彪，懿掩至，凌饮药死，夷三族。,《三国志·王凌传》
251,司马懿卒,oth,司马懿,洛阳,太傅懿薨，师、昭兄弟渐专魏政。,《晋书·宣帝纪》
252,孙权崩·孙亮立,pol,孙亮,建业,大帝薨，太子亮立，诸葛恪、滕胤辅政。,《三国志·吴主传》
252,东兴之战,war,诸葛恪·司马昭,东兴,恪筑东兴堤，魏三路攻之；丁奉雪中奋短兵，大破魏军。,《三国志·诸葛恪传》
253,诸葛恪伐魏失利,war,诸葛恪·张特,合肥新城,恪围新城不下，士卒疫死大半，惭恨失望。,《三国志·诸葛恪传》
253,诸葛恪被诛,pol,孙峻,建业,峻设酒宴杀恪，灭族，年五十一。,《三国志·诸葛恪传》
254,司马师废立,pol,司马师,洛阳,师废曹芳为齐王，立高贵乡公髦。,《三国志·三少帝纪》
255,毌丘俭文钦之叛,war,司马师·毌丘俭,寿春,二叛起兵，师带病东征，俭败死，钦奔吴。,《三国志·毌丘俭传》
255,司马师卒,oth,司马师,许昌,师目瘤疾作，卒于军（归许昌途），昭继。,《晋书·景帝纪》
255,姜维洮西大捷,war,姜维·王经,洮西,维大破魏雍州刺史王经，经众死数万，还保狄道。,《三国志·姜维传》
256,姜维段谷之败,war,邓艾·姜维,段谷,艾据武城山、断维归路，维大败，星散流离。,《三国志·邓艾传》
257,诸葛诞之叛,war,诸葛诞·司马昭,寿春,诞据寿春反，吴遣文钦等援之，昭督二十六军围之。,《三国志·诸葛诞传》
258,诸葛诞败亡,war,司马昭·诸葛诞,寿春,城破，诞突围死，夷三族；文钦先为诞所杀。,《三国志·诸葛诞传》
258,孙綝废孙亮,pol,孙綝,建业,綝废亮为会稽王，立琅邪王休。,《三国志·三嗣主传》
260,曹髦讨司马昭遇害,pol,曹髦,洛阳,髦率僮仆数百讨昭，为太子舍人成济所弑，年二十。,《三国志·三少帝纪》
260,曹奂继位,pol,曹奂,洛阳,昭立陈留王奂，改元景元。,《三国志·三少帝纪》
263,魏灭蜀,war,邓艾·钟会·刘禅,成都,钟会主力拒姜维于剑阁；邓艾阴平度险，诸葛瞻战死于绵竹，刘禅出降，蜀亡。,《三国志·后主传》
263,钟会姜维之乱,war,钟会·姜维,成都,会伪称太后遗诏讨司马昭，欲据蜀；事泄，为乱兵所杀，姜维同死。,《三国志·钟会传》
264,司马昭称晋王,pol,司马昭,洛阳,昭进位晋王，加九锡，国建百揆。,《晋书·文帝纪》
264,孙皓继位,pol,孙皓,建业,休薨，迎立孙和子孙皓。,《三国志·三嗣主传》
265,司马昭卒·晋代魏,pol,司马炎,洛阳,昭卒，炎嗣晋王，受魏禅，国号晋，改元泰始；魏亡。,《晋书·武帝纪》
272,陆抗平西陵,war,陆抗·步阐,西陵,西陵督步阐叛降晋，抗围之，破晋援军，斩阐。,《三国志·陆抗传》
274,陆抗卒,oth,陆抗,西陵,抗卒，吴失长城，羊祜益请伐吴。,《三国志·陆抗传》
279,晋六路伐吴,war,司马炎,长江全线,命王濬、杜预等六路二十余万大军伐吴。,《晋书·武帝纪》
280,晋灭吴·三国归一,war,王濬·孙皓,建业,王濬楼船下建业，孙皓面缚出降，吴亡，天下复归一统。,《三国志·三嗣主传》
