名称,经度,纬度,今址,备注
许昌（许县）,113.85,34.03,今河南许昌市,建安元年曹操迎献帝都此
邺城,114.47,36.1,今河北临漳县西南,曹魏王都、北中国政治中心
建业（秣陵）,118.8,32.03,今江苏南京市,孙吴都城
武昌（夏口诸军重镇）,114.9,30.4,今湖北鄂州市,孙权称帝处，后还都建业
合肥,117.28,31.86,今安徽合肥市,魏吴争夺六十余年
合肥新城,117.45,32.05,今安徽合肥市西北,满宠所筑新城
寿春,116.78,32.58,今安徽寿县,淮南三叛核心
赤壁,113.9,29.72,今湖北赤壁市西北,208年赤壁之战
乌林,113.65,29.9,今湖北洪湖市乌林镇,赤壁之战曹军败处
江陵,112.24,30.33,今湖北荆州市,荆州重镇
夷陵,111.3,30.77,今湖北宜昌市,夷陵之战后改西陵
猇亭,111.42,30.65,今湖北宜都市北,222年刘备败处
夷道,111.45,30.39,今湖北宜都市,陆逊围刘备处
白帝城（永安）,109.53,31.04,今重庆奉节县白帝山,刘备托孤处
麦城,111.95,30.83,今湖北当阳市东南,关羽败亡处
临沮,111.63,31.28,今湖北远安县西北,关羽父子被斩处
襄阳,112.14,32.04,今湖北襄阳市,荆襄门户
樊城,112.15,32.05,今湖北襄阳市樊城区,219年水淹七军
新野,112.36,32.52,今河南新野县,刘备屯驻
博望,112.62,33.31,今河南方城县博望镇,202年火烧博望坡
长坂坡,111.79,30.92,今湖北当阳市,208年赵云救主
华容道,112.6,29.55,今湖北监利一带,曹操败退所经
夏口（沔口）,114.3,30.6,今湖北武汉市,孙刘联军基地
柴桑,115.98,29.72,今江西九江市,孙权驻跸、赤壁决策地
京口,119.45,32.2,今江苏镇江市,孙氏创业基地
曲阿,119.6,32.0,今江苏丹阳市,刘繇所据
皖城,116.25,30.5,今安徽潜山市,庐江重镇
巴丘,113.11,29.37,今湖南岳阳市,周瑜卒于此
陆口,113.9,29.75,今湖北赤壁市陆溪口,鲁肃屯兵处
公安,112.23,30.05,今湖北公安县,刘备荆州治所
益阳,112.32,28.6,今湖南益阳市,215年鲁肃关羽对峙
武陵,111.7,29.05,今湖南常德市,荆南四郡之一
零陵,111.61,26.22,今湖南永州市,荆南四郡之一
桂阳,113.02,25.78,今湖南郴州市,荆南四郡之一
长沙,112.94,28.23,今湖南长沙市,荆南四郡之一
房陵,110.73,32.06,今湖北房县,孟达刘封所据
上庸,110.23,32.48,今湖北竹山县,东三郡
西城（魏兴）,109.02,32.81,今陕西安康市,东三郡
祁山,105.3,34.1,今甘肃礼县东,诸葛亮北伐要地
街亭,105.9,34.9,今甘肃秦安县东北,228年马谡败处
陈仓,107.2,34.37,今陕西宝鸡市,郝昭守城抗诸葛亮
散关,106.9,34.28,今陕西宝鸡市西南,关中门户
斜谷,107.6,33.9,今陕西眉县西南,褒斜道北口
五丈原,107.8,34.22,今陕西眉县西,234年诸葛亮卒处
定军山,106.7,32.75,今陕西勉县南,219年黄忠斩夏侯渊
阳平关,106.7,33.15,今陕西勉县西,汉中之战焦点
剑阁,105.54,32.02,今四川剑阁县,蜀汉北门
葭萌,105.6,32.33,今四川广元市昭化区,刘备入蜀起点
绵竹,104.22,31.35,今四川德阳市,诸葛瞻战死处
雒城,104.45,30.9,今四川广汉市,庞统中流矢处
涪城,104.75,31.47,今四川绵阳市,刘备刘璋决裂处
江州,106.55,29.56,今重庆市,巴郡治
永安,109.5,31.05,今重庆奉节县,蜀吴界
巫县,109.88,31.08,今重庆巫山县,三峡要道
秭归,110.98,30.83,今湖北秭归县,刘备伐吴前线
江油关,104.7,32.45,今四川江油市北,邓艾偷渡阴平后夺关
阴平道,104.6,32.7,今甘肃文县至四川平武,邓艾裹毡滚崖
落凤坡,104.3,30.95,今四川广汉市,庞统阵亡地（本名鹿头山）
官渡,113.97,34.74,今河南中牟县东北,200年官渡之战
白马,114.95,35.6,今河南滑县东,关羽斩颜良
延津,114.7,35.65,今河南延津县北,文丑授首
乌巢,114.4,35.55,今河南延津县东南,淳于琼屯粮处
黎阳,114.55,35.67,今河南浚县,袁曹争锋处
易京,115.7,39.0,今河北雄县西北,公孙瓒自焚处
界桥,115.2,37.4,今河北威县东,191年袁绍破公孙瓒
壶关,113.2,36.2,今山西长治市,206年并州之战
柳城,120.45,41.57,今辽宁朝阳市,白狼山之战
白狼山,120.6,41.4,今辽宁喀左县东,207年张辽斩蹋顿
石亭,116.0,30.4,今安徽潜山一带,228年陆逊破曹休
东兴,117.8,31.9,今安徽含山县,252年丁奉雪中奋短兵
濡须坞,117.6,31.3,今安徽无为县东,魏吴拉锯战场
广陵,119.42,32.39,今江苏扬州市,曹丕伐吴望江而叹
寿春,116.78,32.58,今安徽寿县,257年诸葛诞之叛
成皋（虎牢）,113.16,34.95,今河南荥阳市汜水镇,洛阳东锁钥
荥阳,113.38,34.79,今河南荥阳市,190年汴水之战
酸枣,113.9,34.7,今河南延津县,190年关东联军屯兵
敖仓,113.4,34.9,今河南荥阳市北,秦汉粮仓
宛城,112.53,33.0,今河南南阳市,197年宛城之战
穰城,112.09,32.35,今河南邓州市,张绣屯兵
洛阳,112.45,34.62,今河南洛阳市,东汉旧都
长安,108.94,34.34,今陕西西安市,董卓迁都处
彭城,117.28,34.26,今江苏徐州市,陶谦所治
下邳,117.96,34.3,今江苏睢宁古邳,吕布白门楼
小沛,116.94,34.74,今江苏沛县,刘备屯驻
梁县,112.53,34.0,今河南汝州市,孙坚阳人之战
阳人聚,112.78,34.15,今河南汝州市西,191年孙坚斩华雄
潼关,110.25,34.62,今陕西潼关县,211年曹操破马超
蒲坂,110.45,34.83,今山西永济市,河西要津
渭城,108.73,34.36,今陕西咸阳市,曹操疑兵处
南郑,107.03,33.07,今陕西汉中市,汉中治
祁山堡,105.3,34.1,今甘肃礼县,六出祁山
西县,105.4,34.2,今甘肃礼县东北,诸葛亮斩马谡后挥泪
段谷,104.9,34.6,今甘肃天水市西南,256年姜维败处
洮西,103.9,35.3,今甘肃临洮西,255年姜维破王经
兴势,107.1,33.45,今陕西洋县,244年曹爽败处
木门道,105.2,34.4,今甘肃天水市北,231年张郃中箭
狄道,103.86,35.38,今甘肃临洮县,陇西郡治
冀县,105.0,34.75,今甘肃甘谷县,天水郡治
襄平,123.2,41.27,今辽宁辽阳市,辽东郡治
龙编,105.85,21.03,今越南河内市,交趾郡治
